doenca,localidade,ano,semana_epidemiologica,semana_ano,data_inicio_semana,casos_notificados,casos_confirmados,casos_fem,casos_masc,casos_0_19,casos_20_59,casos_60_mais
Dengue,Baixada Santista,2021,1,202101,2021-01-03,115,20,63,52,28,73,14
Dengue,Baixada Santista,2021,2,202102,2021-01-10,328,74,175,153,96,197,35
Dengue,Baixada Santista,2021,3,202103,2021-01-17,490,118,267,223,134,303,53
Dengue,Baixada Santista,2021,4,202104,2021-01-24,667,154,367,298,179,426,62
Dengue,Baixada Santista,2021,5,202105,2021-01-31,1023,263,597,424,274,644,105
Dengue,Baixada Santista,2021,6,202106,2021-02-07,1411,417,818,590,343,883,185
Dengue,Baixada Santista,2021,7,202107,2021-02-14,2009,681,1139,866,477,1227,305
Dengue,Baixada Santista,2021,8,202108,2021-02-21,2298,843,1295,999,557,1415,326
Dengue,Baixada Santista,2021,9,202109,2021-02-28,2804,863,1624,1177,643,1712,449
Dengue,Baixada Santista,2021,10,202110,2021-03-07,3299,979,1901,1392,705,2054,540
Dengue,Baixada Santista,2021,11,202111,2021-03-14,3620,982,2100,1517,714,2324,582
Dengue,Baixada Santista,2021,12,202112,2021-03-21,3811,1166,2123,1686,730,2457,624
Dengue,Baixada Santista,2021,13,202113,2021-03-28,3341,1037,1884,1454,655,2161,525
Dengue,Baixada Santista,2021,14,202114,2021-04-04,3705,1315,2137,1566,688,2405,612
Dengue,Baixada Santista,2021,15,202115,2021-04-11,3179,1186,1861,1310,675,1949,555
Dengue,Baixada Santista,2021,16,202116,2021-04-18,2608,950,1482,1123,590,1577,441
Dengue,Baixada Santista,2021,17,202117,2021-04-25,2489,882,1394,1079,552,1521,416
Dengue,Baixada Santista,2021,18,202118,2021-05-02,1963,673,1128,830,408,1283,272
Dengue,Baixada Santista,2021,19,202119,2021-05-09,1501,446,840,660,315,948,238
Dengue,Baixada Santista,2021,20,202120,2021-05-16,1489,424,877,611,289,969,231
Dengue,Baixada Santista,2021,21,202121,2021-05-23,1216,307,664,551,269,775,172
Dengue,Baixada Santista,2021,22,202122,2021-05-30,841,211,449,390,193,549,99
Dengue,Baixada Santista,2021,23,202123,2021-06-06,854,225,470,384,204,559,91
Dengue,Baixada Santista,2021,24,202124,2021-06-13,677,174,381,296,137,448,92
Dengue,Baixada Santista,2021,25,202125,2021-06-20,428,94,235,193,96,281,51
Dengue,Baixada Santista,2021,26,202126,2021-06-27,404,105,224,180,93,252,59
Dengue,Baixada Santista,2021,27,202127,2021-07-04,323,69,185,138,72,212,39
Dengue,Baixada Santista,2021,28,202128,2021-07-11,299,59,168,131,66,193,40
Dengue,Baixada Santista,2021,29,202129,2021-07-18,212,46,123,89,53,137,22
Dengue,Baixada Santista,2021,30,202130,2021-07-25,250,50,132,117,40,183,27
Dengue,Baixada Santista,2021,31,202131,2021-08-01,140,25,88,52,25,102,13
Dengue,Baixada Santista,2021,32,202132,2021-08-08,157,30,96,61,41,102,14
Dengue,Baixada Santista,2021,33,202133,2021-08-15,203,44,107,96,84,101,18
Dengue,Baixada Santista,2021,34,202134,2021-08-22,214,35,122,92,79,105,30
Dengue,Baixada Santista,2021,35,202135,2021-08-29,158,21,99,59,40,97,21
Dengue,Baixada Santista,2021,36,202136,2021-09-05,127,30,64,63,36,75,16
Dengue,Baixada Santista,2021,37,202137,2021-09-12,138,23,74,64,29,97,12
Dengue,Baixada Santista,2021,38,202138,2021-09-19,154,22,83,71,59,78,17
Dengue,Baixada Santista,2021,39,202139,2021-09-26,141,24,80,61,38,93,10
Dengue,Baixada Santista,2021,40,202140,2021-10-03,128,16,65,63,35,79,14
Dengue,Baixada Santista,2021,41,202141,2021-10-10,96,10,55,41,34,51,11
Dengue,Baixada Santista,2021,42,202142,2021-10-17,123,23,63,60,33,82,8
Dengue,Baixada Santista,2021,43,202143,2021-10-24,108,18,56,52,38,60,10
Dengue,Baixada Santista,2021,44,202144,2021-10-31,95,11,50,45,24,64,7
Dengue,Baixada Santista,2021,45,202145,2021-11-07,93,16,53,39,17,65,11
Dengue,Baixada Santista,2021,46,202146,2021-11-14,88,9,46,42,16,58,14
Dengue,Baixada Santista,2021,47,202147,2021-11-21,86,13,49,37,18,60,8
Dengue,Baixada Santista,2021,48,202148,2021-11-28,128,13,70,58,35,75,18
Dengue,Baixada Santista,2021,49,202149,2021-12-05,165,24,89,76,35,115,15
Dengue,Baixada Santista,2021,50,202150,2021-12-12,263,27,136,127,69,177,17
Dengue,Baixada Santista,2021,51,202151,2021-12-19,136,11,67,69,31,96,9
Dengue,Baixada Santista,2021,52,202152,2021-12-26,81,11,38,43,14,55,12
Dengue,Baixada Santista,2022,1,202201,2022-01-02,11,8,5,6,6,5,0
Dengue,Baixada Santista,2022,2,202202,2022-01-09,13,8,2,11,3,10,0
Dengue,Baixada Santista,2022,3,202203,2022-01-16,12,10,9,3,4,7,1
Dengue,Baixada Santista,2022,4,202204,2022-01-23,23,12,13,10,12,11,0
Dengue,Baixada Santista,2022,5,202205,2022-01-30,11,9,6,5,5,6,0
Dengue,Baixada Santista,2022,6,202206,2022-02-06,15,13,7,8,2,11,2
Dengue,Baixada Santista,2022,7,202207,2022-02-13,10,9,5,5,3,5,2
Dengue,Baixada Santista,2022,8,202208,2022-02-20,14,12,10,4,9,3,2
Dengue,Baixada Santista,2022,9,202209,2022-02-27,16,12,7,9,8,6,2
Dengue,Baixada Santista,2022,10,202210,2022-03-06,16,11,9,7,9,6,1
Dengue,Baixada Santista,2022,11,202211,2022-03-13,19,11,8,11,8,10,1
Dengue,Baixada Santista,2022,12,202212,2022-03-20,20,18,9,11,3,10,7
Dengue,Baixada Santista,2022,13,202213,2022-03-27,24,23,10,14,9,11,4
Dengue,Baixada Santista,2022,14,202214,2022-04-03,26,19,15,11,4,19,3
Dengue,Baixada Santista,2022,15,202215,2022-04-10,36,28,16,20,8,27,1
Dengue,Baixada Santista,2022,16,202216,2022-04-17,46,37,28,18,10,32,4
Dengue,Baixada Santista,2022,17,202217,2022-04-24,42,38,18,24,9,26,7
Dengue,Baixada Santista,2022,18,202218,2022-05-01,61,48,32,28,21,36,4
Dengue,Baixada Santista,2022,19,202219,2022-05-08,87,74,44,43,31,44,12
Dengue,Baixada Santista,2022,20,202220,2022-05-15,67,54,34,33,27,37,3
Dengue,Baixada Santista,2022,21,202221,2022-05-22,66,49,36,30,27,33,6
Dengue,Baixada Santista,2022,22,202222,2022-05-29,43,34,29,14,15,22,6
Dengue,Baixada Santista,2022,23,202223,2022-06-05,35,31,17,18,13,18,4
Dengue,Baixada Santista,2022,24,202224,2022-06-12,26,21,12,14,5,20,1
Dengue,Baixada Santista,2022,25,202225,2022-06-19,34,23,21,13,12,21,1
Dengue,Baixada Santista,2022,26,202226,2022-06-26,43,35,25,18,19,20,4
Dengue,Baixada Santista,2022,27,202227,2022-07-03,54,39,32,22,20,31,3
Dengue,Baixada Santista,2022,28,202228,2022-07-10,32,26,21,11,9,19,4
Dengue,Baixada Santista,2022,29,202229,2022-07-17,21,16,9,12,5,16,0
Dengue,Baixada Santista,2022,30,202230,2022-07-24,20,14,12,8,7,13,0
Dengue,Baixada Santista,2022,31,202231,2022-07-31,25,12,12,13,16,6,3
Dengue,Baixada Santista,2022,32,202232,2022-08-07,16,13,11,5,7,7,2
Dengue,Baixada Santista,2022,33,202233,2022-08-14,19,15,8,11,5,11,3
Dengue,Baixada Santista,2022,34,202234,2022-08-21,23,13,12,11,13,10,0
Dengue,Baixada Santista,2022,35,202235,2022-08-28,6,4,2,4,2,4,0
Dengue,Baixada Santista,2022,36,202236,2022-09-04,13,10,8,5,6,7,0
Dengue,Baixada Santista,2022,37,202237,2022-09-11,12,8,4,8,8,4,0
Dengue,Baixada Santista,2022,38,202238,2022-09-18,15,11,8,7,8,6,1
Dengue,Baixada Santista,2022,39,202239,2022-09-25,16,9,11,5,5,9,2
Dengue,Baixada Santista,2022,40,202240,2022-10-02,11,5,5,6,4,6,1
Dengue,Baixada Santista,2022,41,202241,2022-10-09,8,6,4,4,3,5,0
Dengue,Baixada Santista,2022,42,202242,2022-10-16,21,16,9,12,6,11,4
Dengue,Baixada Santista,2022,43,202243,2022-10-23,25,17,18,7,14,10,1
Dengue,Baixada Santista,2022,44,202244,2022-10-30,24,17,14,10,14,7,3
Dengue,Baixada Santista,2022,45,202245,2022-11-06,23,14,12,11,5,15,3
Dengue,Baixada Santista,2022,46,202246,2022-11-13,33,23,20,13,12,19,2
Dengue,Baixada Santista,2022,47,202247,2022-11-20,19,17,11,8,5,14,0
Dengue,Baixada Santista,2022,48,202248,2022-11-27,30,18,15,15,12,16,2
Dengue,Baixada Santista,2022,49,202249,2022-12-04,20,8,12,8,6,12,2
Dengue,Baixada Santista,2022,50,202250,2022-12-11,19,10,10,9,6,12,1
Dengue,Baixada Santista,2022,51,202251,2022-12-18,11,9,8,3,4,6,1
Dengue,Baixada Santista,2022,52,202252,2022-12-25,18,10,10,8,6,11,1
Dengue,Baixada Santista,2023,1,202301,2023-01-01,9,9,6,3,2,7,0
Dengue,Baixada Santista,2023,2,202302,2023-01-08,18,14,9,9,4,13,1
Dengue,Baixada Santista,2023,3,202303,2023-01-15,17,17,8,9,4,11,2
Dengue,Baixada Santista,2023,4,202304,2023-01-22,20,19,10,10,6,13,1
Dengue,Baixada Santista,2023,5,202305,2023-01-29,26,22,10,16,9,15,2
Dengue,Baixada Santista,2023,6,202306,2023-02-05,36,34,15,21,10,25,1
Dengue,Baixada Santista,2023,7,202307,2023-02-12,63,56,32,31,13,44,6
Dengue,Baixada Santista,2023,8,202308,2023-02-19,38,36,16,22,9,25,4
Dengue,Baixada Santista,2023,9,202309,2023-02-26,72,68,43,29,15,45,12
Dengue,Baixada Santista,2023,10,202310,2023-03-05,74,69,35,39,22,45,7
Dengue,Baixada Santista,2023,11,202311,2023-03-12,98,89,42,56,34,56,8
Dengue,Baixada Santista,2023,12,202312,2023-03-19,142,132,81,60,40,91,11
Dengue,Baixada Santista,2023,13,202313,2023-03-26,158,151,77,81,46,97,15
Dengue,Baixada Santista,2023,14,202314,2023-04-02,162,156,90,72,36,110,16
Dengue,Baixada Santista,2023,15,202315,2023-04-09,163,161,89,74,45,101,17
Dengue,Baixada Santista,2023,16,202316,2023-04-16,197,186,107,90,50,130,17
Dengue,Baixada Santista,2023,17,202317,2023-04-23,182,174,86,96,53,108,21
Dengue,Baixada Santista,2023,18,202318,2023-04-30,186,179,91,95,47,112,27
Dengue,Baixada Santista,2023,19,202319,2023-05-07,208,191,102,106,65,129,14
Dengue,Baixada Santista,2023,20,202320,2023-05-14,217,195,114,103,56,144,17
Dengue,Baixada Santista,2023,21,202321,2023-05-21,157,143,77,80,43,96,18
Dengue,Baixada Santista,2023,22,202322,2023-05-28,121,117,63,57,33,73,15
Dengue,Baixada Santista,2023,23,202323,2023-06-04,121,118,60,61,29,86,6
Dengue,Baixada Santista,2023,24,202324,2023-06-11,135,121,68,67,35,90,10
Dengue,Baixada Santista,2023,25,202325,2023-06-18,73,64,40,33,28,39,6
Dengue,Baixada Santista,2023,26,202326,2023-06-25,65,61,33,32,20,42,3
Dengue,Baixada Santista,2023,27,202327,2023-07-02,67,65,33,34,15,44,8
Dengue,Baixada Santista,2023,28,202328,2023-07-09,55,52,30,25,20,31,4
Dengue,Baixada Santista,2023,29,202329,2023-07-16,29,24,13,16,11,15,3
Dengue,Baixada Santista,2023,30,202330,2023-07-23,45,42,21,24,13,31,1
Dengue,Baixada Santista,2023,31,202331,2023-07-30,38,37,12,26,11,27,0
Dengue,Baixada Santista,2023,32,202332,2023-08-06,65,62,33,32,20,39,6
Dengue,Baixada Santista,2023,33,202333,2023-08-13,45,38,15,30,16,24,5
Dengue,Baixada Santista,2023,34,202334,2023-08-20,50,46,28,22,18,28,4
Dengue,Baixada Santista,2023,35,202335,2023-08-27,30,29,19,11,8,21,1
Dengue,Baixada Santista,2023,36,202336,2023-09-03,44,38,27,17,18,23,3
Dengue,Baixada Santista,2023,37,202337,2023-09-10,47,44,20,27,11,33,3
Dengue,Baixada Santista,2023,38,202338,2023-09-17,45,40,20,25,18,23,4
Dengue,Baixada Santista,2023,39,202339,2023-09-24,36,33,22,14,13,20,3
Dengue,Baixada Santista,2023,40,202340,2023-10-01,65,57,40,25,22,37,6
Dengue,Baixada Santista,2023,41,202341,2023-10-08,57,50,25,32,21,32,4
Dengue,Baixada Santista,2023,42,202342,2023-10-15,84,67,44,40,34,38,12
Dengue,Baixada Santista,2023,43,202343,2023-10-22,73,65,37,35,30,36,7
Dengue,Baixada Santista,2023,44,202344,2023-10-29,49,40,23,26,16,29,4
Dengue,Baixada Santista,2023,45,202345,2023-11-05,108,92,49,59,40,60,8
Dengue,Baixada Santista,2023,46,202346,2023-11-12,81,69,50,31,32,39,10
Dengue,Baixada Santista,2023,47,202347,2023-11-19,77,68,41,36,27,42,8
Dengue,Baixada Santista,2023,48,202348,2023-11-26,94,84,52,42,37,53,4
Dengue,Baixada Santista,2023,49,202349,2023-12-03,104,93,62,41,43,48,13
Dengue,Baixada Santista,2023,50,202350,2023-12-10,113,89,67,46,43,64,6
Dengue,Baixada Santista,2023,51,202351,2023-12-17,125,99,69,56,33,86,6
Dengue,Baixada Santista,2023,52,202352,2023-12-24,140,120,75,65,50,82,8
Dengue,Baixada Santista,2024,1,202401,2024-01-07,77,74,45,32,15,54,8
Dengue,Baixada Santista,2024,2,202402,2024-01-14,186,185,103,83,59,110,17
Dengue,Baixada Santista,2024,3,202403,2024-01-21,200,192,106,94,60,121,19
Dengue,Baixada Santista,2024,4,202404,2024-01-28,264,261,140,124,84,157,23
Dengue,Baixada Santista,2024,5,202405,2024-02-04,373,356,205,168,105,213,55
Dengue,Baixada Santista,2024,6,202406,2024-02-11,644,583,357,287,165,389,90
Dengue,Baixada Santista,2024,7,202407,2024-02-18,575,507,320,255,149,358,68
Dengue,Baixada Santista,2024,8,202408,2024-02-25,899,806,521,378,242,560,97
Dengue,Baixada Santista,2024,9,202409,2024-03-03,1090,1047,620,470,328,649,113
Dengue,Baixada Santista,2024,10,202410,2024-03-10,984,946,555,429,320,557,107
Dengue,Baixada Santista,2024,11,202411,2024-03-17,1262,1221,697,564,406,706,150
Dengue,Baixada Santista,2024,12,202412,2024-03-24,1366,1325,803,563,430,759,177
Dengue,Baixada Santista,2024,13,202413,2024-03-31,1619,1563,918,701,480,916,223
Dengue,Baixada Santista,2024,14,202414,2024-04-07,2025,1950,1095,929,684,1086,255
Dengue,Baixada Santista,2024,15,202415,2024-04-14,1929,1855,1114,814,673,986,270
Dengue,Baixada Santista,2024,16,202416,2024-04-21,2421,2371,1300,1120,714,1310,397
Dengue,Baixada Santista,2024,17,202417,2024-04-28,2326,2260,1332,989,629,1314,383
Dengue,Baixada Santista,2024,18,202418,2024-05-05,2024,1964,1124,894,564,1114,346
Dengue,Baixada Santista,2024,19,202419,2024-05-12,2107,2060,1159,944,567,1207,333
Dengue,Baixada Santista,2024,20,202420,2024-05-19,1870,1807,1051,815,488,1098,284
Dengue,Baixada Santista,2024,21,202421,2024-05-26,1671,1629,941,729,436,956,279
Dengue,Baixada Santista,2024,22,202422,2024-06-02,838,810,456,382,224,473,141
Dengue,Baixada Santista,2024,23,202423,2024-06-09,724,704,383,339,248,379,97
Dengue,Baixada Santista,2024,24,202424,2024-06-16,675,664,351,324,259,355,61
Dengue,Baixada Santista,2024,25,202425,2024-06-23,431,423,234,197,180,210,41
Dengue,Baixada Santista,2024,26,202426,2024-06-30,694,566,372,322,310,325,59
Dengue,Baixada Santista,2024,27,202427,2024-07-07,249,242,121,128,89,130,30
Dengue,Baixada Santista,2024,28,202428,2024-07-14,217,208,124,93,78,111,28
Dengue,Baixada Santista,2024,29,202429,2024-07-21,164,154,88,76,65,79,20
Dengue,Baixada Santista,2024,30,202430,2024-07-28,119,112,55,64,41,66,12
Dengue,Baixada Santista,2024,31,202431,2024-08-04,91,90,46,45,31,47,13
Dengue,Baixada Santista,2024,32,202432,2024-08-11,63,56,37,26,38,23,2
Dengue,Baixada Santista,2024,33,202433,2024-08-18,41,29,20,21,28,11,2
Dengue,Baixada Santista,2024,34,202434,2024-08-25,55,40,30,25,28,24,3
Dengue,Baixada Santista,2024,35,202435,2024-09-01,44,34,26,18,25,18,1
Dengue,Baixada Santista,2024,36,202436,2024-09-08,52,39,22,30,27,15,10
Dengue,Baixada Santista,2024,37,202437,2024-09-15,85,74,42,43,40,35,10
Dengue,Baixada Santista,2024,38,202438,2024-09-22,65,49,32,33,27,32,6
Dengue,Baixada Santista,2024,39,202439,2024-09-29,49,38,25,24,30,17,2
Dengue,Baixada Santista,2024,40,202440,2024-10-06,40,37,21,19,31,9,0
Dengue,Baixada Santista,2024,41,202441,2024-10-13,47,43,24,23,34,12,1
Dengue,Baixada Santista,2024,42,202442,2024-10-20,46,40,25,21,28,16,2
Dengue,Baixada Santista,2024,43,202443,2024-10-27,46,40,29,17,28,17,1
Dengue,Baixada Santista,2024,44,202444,2024-11-03,93,78,47,46,50,38,5
Dengue,Baixada Santista,2024,45,202445,2024-11-10,38,31,18,20,25,11,2
Dengue,Baixada Santista,2024,46,202446,2024-11-17,44,32,20,24,30,12,2
Dengue,Baixada Santista,2024,47,202447,2024-11-24,28,26,14,14,17,11,0
Dengue,Baixada Santista,2024,48,202448,2024-12-01,80,67,44,36,45,31,4
Dengue,Baixada Santista,2024,49,202449,2024-12-08,48,39,26,22,27,18,3
Dengue,Baixada Santista,2024,50,202450,2024-12-15,45,35,21,24,24,17,4
Dengue,Baixada Santista,2024,51,202451,2024-12-22,48,38,30,18,24,20,4
Dengue,Baixada Santista,2024,52,202452,2024-12-29,40,31,23,17,22,14,4
Dengue,Baixada Santista,2025,1,202501,2025-01-05,48,44,27,21,15,30,3
Dengue,Baixada Santista,2025,2,202502,2025-01-12,39,35,20,19,11,26,2
Dengue,Baixada Santista,2025,3,202503,2025-01-19,52,50,25,27,13,35,4
Dengue,Baixada Santista,2025,4,202504,2025-01-26,63,59,31,32,16,40,7
Dengue,Baixada Santista,2025,5,202505,2025-02-02,66,66,31,35,17,42,7
Dengue,Baixada Santista,2025,6,202506,2025-02-09,104,98,48,56,31,63,10
Dengue,Baixada Santista,2025,7,202507,2025-02-16,216,192,105,111,51,144,21
Dengue,Baixada Santista,2025,8,202508,2025-02-23,225,220,119,106,62,138,25
Dengue,Baixada Santista,2025,9,202509,2025-03-02,421,404,238,183,123,258,40
Dengue,Baixada Santista,2025,10,202510,2025-03-09,356,342,201,155,78,244,34
Dengue,Baixada Santista,2025,11,202511,2025-03-16,507,487,286,221,115,346,46
Dengue,Baixada Santista,2025,12,202512,2025-03-23,568,548,321,247,154,360,54
Dengue,Baixada Santista,2025,13,202513,2025-03-30,627,611,342,285,189,368,70
Dengue,Baixada Santista,2025,14,202514,2025-04-06,487,478,266,221,135,308,44
Dengue,Baixada Santista,2025,15,202515,2025-04-13,712,694,395,317,190,440,82
Dengue,Baixada Santista,2025,16,202516,2025-04-20,607,597,325,282,160,367,80
Dengue,Baixada Santista,2025,17,202517,2025-04-27,703,696,354,349,172,451,80
Dengue,Baixada Santista,2025,18,202518,2025-05-04,680,672,363,317,194,415,71
Dengue,Baixada Santista,2025,19,202519,2025-05-11,835,824,432,403,259,456,120
Dengue,Baixada Santista,2025,20,202520,2025-05-18,735,726,378,357,195,435,105
Dengue,Baixada Santista,2025,21,202521,2025-05-25,701,691,374,327,199,422,80
Dengue,Baixada Santista,2025,22,202522,2025-06-01,684,671,368,316,199,408,77
Dengue,Baixada Santista,2025,23,202523,2025-06-08,621,611,327,294,174,392,55
Dengue,Baixada Santista,2025,24,202524,2025-06-15,478,470,249,229,149,276,53
Dengue,Baixada Santista,2025,25,202525,2025-06-22,245,242,124,121,66,156,23
Dengue,Baixada Santista,2025,26,202526,2025-06-29,378,359,179,199,149,208,21
Dengue,Baixada Santista,2025,27,202527,2025-07-06,299,264,155,144,105,172,22
Dengue,Baixada Santista,2025,28,202528,2025-07-13,260,254,141,119,77,158,25
Dengue,Baixada Santista,2025,29,202529,2025-07-20,308,294,160,148,120,161,27
Dengue,Baixada Santista,2025,30,202530,2025-07-27,344,310,170,174,117,200,27
Dengue,Baixada Santista,2025,31,202531,2025-08-03,213,194,118,95,59,129,25
Dengue,Baixada Santista,2025,32,202532,2025-08-10,259,235,144,115,89,150,20
Dengue,Baixada Santista,2025,33,202533,2025-08-17,321,288,171,150,112,194,15
Dengue,Baixada Santista,2025,34,202534,2025-08-24,130,116,68,62,35,84,11
Dengue,Baixada Santista,2025,35,202535,2025-08-31,51,47,26,25,15,36,0
Dengue,Baixada Santista,2025,36,202536,2025-09-07,67,66,33,34,24,40,3
Dengue,Baixada Santista,2025,37,202537,2025-09-14,67,60,30,37,23,39,5
Dengue,Baixada Santista,2025,38,202538,2025-09-21,87,76,45,42,34,51,2
Dengue,Baixada Santista,2025,39,202539,2025-09-28,57,57,36,21,19,33,5
Dengue,Baixada Santista,2025,40,202540,2025-10-05,57,52,35,22,17,35,5
Dengue,Baixada Santista,2025,41,202541,2025-10-12,71,65,41,30,27,42,2
Dengue,Baixada Santista,2025,42,202542,2025-10-19,60,58,38,22,20,36,4
Dengue,Baixada Santista,2025,43,202543,2025-10-26,87,86,45,42,33,50,4
Dengue,Baixada Santista,2025,44,202544,2025-11-02,76,72,33,43,24,47,5
Dengue,Baixada Santista,2025,45,202545,2025-11-09,93,85,54,39,39,51,3
Dengue,Baixada Santista,2025,46,202546,2025-11-16,81,73,41,40,32,45,4
Dengue,Baixada Santista,2025,47,202547,2025-11-23,47,44,26,21,17,24,6
Dengue,Baixada Santista,2025,48,202548,2025-11-30,84,79,40,44,38,42,4
Dengue,Baixada Santista,2025,49,202549,2025-12-07,62,58,39,23,25,33,4
Dengue,Baixada Santista,2025,50,202550,2025-12-14,88,77,46,42,42,45,1
Dengue,Baixada Santista,2025,51,202551,2025-12-21,79,73,47,32,23,51,5
Dengue,Baixada Santista,2025,52,202552,2025-12-28,52,47,23,29,18,32,2
Dengue,Baixada Santista,2025,53,202553,2026-01-04,31,28,22,9,13,16,2
Dengue,Baixada Santista,2026,1,202601,2026-01-04,26,24,12,14,6,15,5
Dengue,Baixada Santista,2026,2,202602,2026-01-11,57,55,31,26,20,34,3
Dengue,Baixada Santista,2026,3,202603,2026-01-18,56,53,22,34,20,31,5
Dengue,Baixada Santista,2026,4,202604,2026-01-25,48,46,30,18,19,28,1
Dengue,Baixada Santista,2026,5,202605,2026-02-01,61,59,37,24,11,45,5
Dengue,Baixada Santista,2026,6,202606,2026-02-08,75,70,32,43,24,44,7
Dengue,Baixada Santista,2026,7,202607,2026-02-15,82,76,42,40,19,57,6
Dengue,Baixada Santista,2026,8,202608,2026-02-22,92,83,47,45,27,61,4
Dengue,Baixada Santista,2026,9,202609,2026-03-01,107,103,53,54,28,72,7
Dengue,Baixada Santista,2026,10,202610,2026-03-08,123,110,71,52,46,72,5
Dengue,Baixada Santista,2026,11,202611,2026-03-15,139,125,69,70,40,91,8
Dengue,Baixada Santista,2026,12,202612,2026-03-22,158,133,80,78,52,100,6
Dengue,Baixada Santista,2026,13,202613,2026-03-29,130,115,69,61,49,73,8
Dengue,Baixada Santista,2026,14,202614,2026-04-05,166,150,90,76,63,95,8
Dengue,Baixada Santista,2026,15,202615,2026-04-12,140,119,73,67,49,84,7
Dengue,Baixada Santista,2026,16,202616,2026-04-19,135,115,81,54,54,78,3
Dengue,Baixada Santista,2026,17,202617,2026-04-26,126,114,65,61,40,75,11
Dengue,Baixada Santista,2026,18,202618,2026-05-03,104,93,59,45,33,61,10
Dengue,Baixada Santista,2026,19,202619,2026-05-10,83,72,44,39,30,45,8
Dengue,Baixada Santista,2026,20,202620,2026-05-17,57,50,28,29,25,32,0
Dengue,Baixada Santista,2026,21,202621,2026-05-24,82,77,49,33,21,57,4
Dengue,Baixada Santista,2026,22,202622,2026-05-31,86,77,42,44,34,45,7
Dengue,Baixada Santista,2026,23,202623,2026-06-07,96,80,52,44,36,53,7
Dengue,Baixada Santista,2026,24,202624,2026-06-14,61,52,31,30,18,42,1
Dengue,Baixada Santista,2026,25,202625,2026-06-21,75,61,35,40,24,46,5
Dengue,Baixada Santista,2026,26,202626,2026-06-28,86,73,41,45,30,53,3
Dengue,Baixada Santista,2026,27,202627,2026-07-05,46,39,25,21,13,28,5
Dengue,Baixada Santista,2026,28,202628,2026-07-12,43,38,17,25,10,32,1
Dengue,Baixada Santista,2026,29,202629,2026-07-19,41,34,22,19,10,28,3
Dengue,Baixada Santista,2026,30,202630,2026-07-26,61,50,28,33,22,36,3
Dengue,Baixada Santista,2026,31,202631,2026-08-02,61,51,37,24,16,39,6
Dengue,Baixada Santista,2026,32,202632,2026-08-09,55,38,19,36,17,36,2
Dengue,Baixada Santista,2026,33,202633,2026-08-16,61,40,35,26,25,31,5
Dengue,Baixada Santista,2026,34,202634,2026-08-23,62,28,33,29,17,40,5
Dengue,Baixada Santista,2026,35,202635,2026-08-30,29,10,17,12,9,15,5
Dengue,Cubatão,2021,1,202101,2021-01-03,26,3,10,16,8,15,3
Dengue,Cubatão,2021,2,202102,2021-01-10,92,16,50,42,36,45,11
Dengue,Cubatão,2021,3,202103,2021-01-17,138,28,71,67,45,81,12
Dengue,Cubatão,2021,4,202104,2021-01-24,173,18,84,89,57,104,12
Dengue,Cubatão,2021,5,202105,2021-01-31,221,25,125,96,68,136,17
Dengue,Cubatão,2021,6,202106,2021-02-07,384,52,212,172,117,232,35
Dengue,Cubatão,2021,7,202107,2021-02-14,275,50,144,131,83,171,21
Dengue,Cubatão,2021,8,202108,2021-02-21,477,120,267,209,146,281,50
Dengue,Cubatão,2021,9,202109,2021-02-28,582,114,323,259,143,381,58
Dengue,Cubatão,2021,10,202110,2021-03-07,552,148,283,264,135,352,65
Dengue,Cubatão,2021,11,202111,2021-03-14,520,174,293,226,101,375,44
Dengue,Cubatão,2021,12,202112,2021-03-21,627,226,322,305,112,453,62
Dengue,Cubatão,2021,13,202113,2021-03-28,597,230,318,279,111,425,61
Dengue,Cubatão,2021,14,202114,2021-04-04,548,228,306,241,106,380,62
Dengue,Cubatão,2021,15,202115,2021-04-11,374,148,208,161,77,257,40
Dengue,Cubatão,2021,16,202116,2021-04-18,319,104,168,150,102,186,31
Dengue,Cubatão,2021,17,202117,2021-04-25,365,115,175,176,80,253,32
Dengue,Cubatão,2021,18,202118,2021-05-02,306,76,163,143,65,210,31
Dengue,Cubatão,2021,19,202119,2021-05-09,274,58,138,136,52,190,32
Dengue,Cubatão,2021,20,202120,2021-05-16,220,58,120,100,42,158,20
Dengue,Cubatão,2021,21,202121,2021-05-23,280,51,135,145,42,201,37
Dengue,Cubatão,2021,22,202122,2021-05-30,182,34,85,97,30,132,20
Dengue,Cubatão,2021,23,202123,2021-06-06,195,36,100,95,41,137,17
Dengue,Cubatão,2021,24,202124,2021-06-13,121,30,65,56,26,83,12
Dengue,Cubatão,2021,25,202125,2021-06-20,86,17,45,41,14,62,10
Dengue,Cubatão,2021,26,202126,2021-06-27,97,18,56,41,25,65,7
Dengue,Cubatão,2021,27,202127,2021-07-04,81,13,37,44,31,45,5
Dengue,Cubatão,2021,28,202128,2021-07-11,67,13,36,31,18,41,8
Dengue,Cubatão,2021,29,202129,2021-07-18,58,12,32,26,17,37,4
Dengue,Cubatão,2021,30,202130,2021-07-25,99,26,52,47,19,69,11
Dengue,Cubatão,2021,31,202131,2021-08-01,37,9,21,16,7,27,3
Dengue,Cubatão,2021,32,202132,2021-08-08,57,16,34,23,15,37,5
Dengue,Cubatão,2021,33,202133,2021-08-15,106,28,45,61,61,35,10
Dengue,Cubatão,2021,34,202134,2021-08-22,96,17,53,43,47,37,12
Dengue,Cubatão,2021,35,202135,2021-08-29,60,9,36,24,22,30,8
Dengue,Cubatão,2021,36,202136,2021-09-05,48,16,18,30,13,26,9
Dengue,Cubatão,2021,37,202137,2021-09-12,26,7,11,15,5,19,2
Dengue,Cubatão,2021,38,202138,2021-09-19,65,14,33,32,35,24,6
Dengue,Cubatão,2021,39,202139,2021-09-26,38,5,24,14,10,25,3
Dengue,Cubatão,2021,40,202140,2021-10-03,42,6,23,19,13,28,1
Dengue,Cubatão,2021,41,202141,2021-10-10,30,2,19,11,16,12,2
Dengue,Cubatão,2021,42,202142,2021-10-17,42,11,20,22,15,24,3
Dengue,Cubatão,2021,43,202143,2021-10-24,18,2,7,11,7,10,1
Dengue,Cubatão,2021,44,202144,2021-10-31,18,1,8,10,5,13,0
Dengue,Cubatão,2021,45,202145,2021-11-07,16,1,12,4,0,14,2
Dengue,Cubatão,2021,46,202146,2021-11-14,10,0,4,6,1,4,5
Dengue,Cubatão,2021,47,202147,2021-11-21,15,4,7,8,4,11,0
Dengue,Cubatão,2021,48,202148,2021-11-28,24,2,14,10,6,18,0
Dengue,Cubatão,2021,49,202149,2021-12-05,32,3,16,16,7,24,1
Dengue,Cubatão,2021,50,202150,2021-12-12,85,12,44,41,23,61,1
Dengue,Cubatão,2021,51,202151,2021-12-19,43,2,18,25,9,34,0
Dengue,Cubatão,2021,52,202152,2021-12-26,21,5,6,15,5,15,1
Dengue,Cubatão,2022,1,202201,2022-01-02,3,1,1,2,0,3,0
Dengue,Cubatão,2022,2,202202,2022-01-09,3,3,0,3,0,3,0
Dengue,Cubatão,2022,3,202203,2022-01-16,2,2,1,1,0,2,0
Dengue,Cubatão,2022,4,202204,2022-01-23,3,3,3,0,1,2,0
Dengue,Cubatão,2022,5,202205,2022-01-30,1,1,0,1,1,0,0
Dengue,Cubatão,2022,6,202206,2022-02-06,3,3,1,2,0,3,0
Dengue,Cubatão,2022,7,202207,2022-02-13,3,3,0,3,1,2,0
Dengue,Cubatão,2022,8,202208,2022-02-20,1,1,1,0,1,0,0
Dengue,Cubatão,2022,13,202213,2022-03-27,2,2,0,2,0,2,0
Dengue,Cubatão,2022,14,202214,2022-04-03,7,4,4,3,0,7,0
Dengue,Cubatão,2022,15,202215,2022-04-10,1,0,1,0,1,0,0
Dengue,Cubatão,2022,16,202216,2022-04-17,3,2,1,2,0,3,0
Dengue,Cubatão,2022,17,202217,2022-04-24,3,1,2,1,0,2,1
Dengue,Cubatão,2022,18,202218,2022-05-01,6,6,2,4,3,3,0
Dengue,Cubatão,2022,19,202219,2022-05-08,6,3,2,4,3,3,0
Dengue,Cubatão,2022,20,202220,2022-05-15,12,11,5,7,6,6,0
Dengue,Cubatão,2022,21,202221,2022-05-22,8,7,6,2,4,3,1
Dengue,Cubatão,2022,22,202222,2022-05-29,3,3,2,1,2,1,0
Dengue,Cubatão,2022,23,202223,2022-06-05,1,0,0,1,0,1,0
Dengue,Cubatão,2022,24,202224,2022-06-12,1,1,0,1,1,0,0
Dengue,Cubatão,2022,26,202226,2022-06-26,3,2,2,1,1,2,0
Dengue,Cubatão,2022,27,202227,2022-07-03,2,0,1,1,1,1,0
Dengue,Cubatão,2022,28,202228,2022-07-10,4,4,3,1,0,4,0
Dengue,Cubatão,2022,29,202229,2022-07-17,1,1,1,0,0,1,0
Dengue,Cubatão,2022,30,202230,2022-07-24,1,1,1,0,1,0,0
Dengue,Cubatão,2022,31,202231,2022-07-31,1,1,1,0,0,1,0
Dengue,Cubatão,2022,32,202232,2022-08-07,2,1,2,0,1,1,0
Dengue,Cubatão,2022,35,202235,2022-08-28,2,1,1,1,1,1,0
Dengue,Cubatão,2022,36,202236,2022-09-04,1,0,0,1,0,1,0
Dengue,Cubatão,2022,37,202237,2022-09-11,1,1,1,0,0,1,0
Dengue,Cubatão,2022,38,202238,2022-09-18,2,2,2,0,0,2,0
Dengue,Cubatão,2022,40,202240,2022-10-02,2,1,0,2,0,2,0
Dengue,Cubatão,2022,43,202243,2022-10-23,1,1,1,0,0,1,0
Dengue,Cubatão,2022,44,202244,2022-10-30,4,3,3,1,3,1,0
Dengue,Cubatão,2022,45,202245,2022-11-06,5,2,1,4,0,5,0
Dengue,Cubatão,2022,46,202246,2022-11-13,1,1,0,1,0,1,0
Dengue,Cubatão,2022,47,202247,2022-11-20,1,1,0,1,1,0,0
Dengue,Cubatão,2022,48,202248,2022-11-27,2,2,2,0,0,2,0
Dengue,Cubatão,2022,49,202249,2022-12-04,1,0,1,0,0,1,0
Dengue,Cubatão,2022,50,202250,2022-12-11,1,1,0,1,0,1,0
Dengue,Cubatão,2022,51,202251,2022-12-18,2,2,2,0,1,1,0
Dengue,Cubatão,2022,52,202252,2022-12-25,2,2,2,0,1,1,0
Dengue,Cubatão,2023,6,202306,2023-02-05,1,1,1,0,0,1,0
Dengue,Cubatão,2023,7,202307,2023-02-12,4,2,0,4,0,4,0
Dengue,Cubatão,2023,10,202310,2023-03-05,1,1,0,1,0,1,0
Dengue,Cubatão,2023,11,202311,2023-03-12,2,1,1,1,1,1,0
Dengue,Cubatão,2023,12,202312,2023-03-19,1,1,0,1,0,1,0
Dengue,Cubatão,2023,14,202314,2023-04-02,8,8,3,5,0,8,0
Dengue,Cubatão,2023,15,202315,2023-04-09,3,3,0,3,2,1,0
Dengue,Cubatão,2023,16,202316,2023-04-16,1,1,0,1,0,1,0
Dengue,Cubatão,2023,17,202317,2023-04-23,1,1,1,0,1,0,0
Dengue,Cubatão,2023,19,202319,2023-05-07,2,2,2,0,0,2,0
Dengue,Cubatão,2023,20,202320,2023-05-14,4,4,3,1,1,3,0
Dengue,Cubatão,2023,21,202321,2023-05-21,3,2,1,2,0,3,0
Dengue,Cubatão,2023,22,202322,2023-05-28,3,3,1,2,0,3,0
Dengue,Cubatão,2023,23,202323,2023-06-04,2,2,2,0,0,2,0
Dengue,Cubatão,2023,24,202324,2023-06-11,1,1,0,1,0,1,0
Dengue,Cubatão,2023,26,202326,2023-06-25,1,1,1,0,0,1,0
Dengue,Cubatão,2023,28,202328,2023-07-09,2,2,0,2,0,2,0
Dengue,Cubatão,2023,30,202330,2023-07-23,1,1,0,1,0,1,0
Dengue,Cubatão,2023,31,202331,2023-07-30,3,3,1,2,0,3,0
Dengue,Cubatão,2023,32,202332,2023-08-06,2,2,1,1,1,1,0
Dengue,Cubatão,2023,33,202333,2023-08-13,1,1,1,0,0,1,0
Dengue,Cubatão,2023,34,202334,2023-08-20,2,2,0,2,1,1,0
Dengue,Cubatão,2023,38,202338,2023-09-17,1,1,0,1,0,0,1
Dengue,Cubatão,2023,39,202339,2023-09-24,1,1,1,0,1,0,0
Dengue,Cubatão,2023,40,202340,2023-10-01,1,1,1,0,0,0,1
Dengue,Cubatão,2023,44,202344,2023-10-29,1,1,1,0,0,1,0
Dengue,Cubatão,2023,48,202348,2023-11-26,1,1,1,0,0,1,0
Dengue,Cubatão,2023,49,202349,2023-12-03,1,1,1,0,0,1,0
Dengue,Cubatão,2023,50,202350,2023-12-10,1,1,1,0,0,1,0
Dengue,Cubatão,2023,51,202351,2023-12-17,1,1,1,0,0,1,0
Dengue,Cubatão,2023,52,202352,2023-12-24,1,1,1,0,1,0,0
Dengue,Cubatão,2024,1,202401,2024-01-07,1,1,1,0,0,1,0
Dengue,Cubatão,2024,2,202402,2024-01-14,4,4,3,1,0,4,0
Dengue,Cubatão,2024,4,202404,2024-01-28,2,2,1,1,0,1,1
Dengue,Cubatão,2024,5,202405,2024-02-04,6,6,5,1,0,5,1
Dengue,Cubatão,2024,6,202406,2024-02-11,4,4,2,2,1,3,0
Dengue,Cubatão,2024,7,202407,2024-02-18,2,2,1,1,1,1,0
Dengue,Cubatão,2024,8,202408,2024-02-25,7,6,6,1,0,7,0
Dengue,Cubatão,2024,9,202409,2024-03-03,4,4,3,1,0,4,0
Dengue,Cubatão,2024,10,202410,2024-03-10,9,7,3,6,3,5,1
Dengue,Cubatão,2024,11,202411,2024-03-17,28,27,15,13,11,16,1
Dengue,Cubatão,2024,12,202412,2024-03-24,14,14,7,7,4,10,0
Dengue,Cubatão,2024,13,202413,2024-03-31,9,8,6,3,3,6,0
Dengue,Cubatão,2024,14,202414,2024-04-07,8,8,2,6,3,4,1
Dengue,Cubatão,2024,15,202415,2024-04-14,9,8,8,1,2,7,0
Dengue,Cubatão,2024,16,202416,2024-04-21,24,24,11,13,6,17,1
Dengue,Cubatão,2024,17,202417,2024-04-28,23,19,16,7,6,14,3
Dengue,Cubatão,2024,18,202418,2024-05-05,31,27,13,18,6,22,3
Dengue,Cubatão,2024,19,202419,2024-05-12,36,35,20,16,11,18,7
Dengue,Cubatão,2024,20,202420,2024-05-19,23,20,8,15,7,15,1
Dengue,Cubatão,2024,21,202421,2024-05-26,26,26,20,6,12,13,1
Dengue,Cubatão,2024,22,202422,2024-06-02,16,16,9,7,4,10,2
Dengue,Cubatão,2024,23,202423,2024-06-09,23,22,14,9,4,16,3
Dengue,Cubatão,2024,24,202424,2024-06-16,20,19,7,13,5,14,1
Dengue,Cubatão,2024,25,202425,2024-06-23,15,15,6,9,6,7,2
Dengue,Cubatão,2024,26,202426,2024-06-30,34,34,19,15,10,23,1
Dengue,Cubatão,2024,27,202427,2024-07-07,22,22,8,14,2,17,3
Dengue,Cubatão,2024,28,202428,2024-07-14,20,20,9,11,3,14,3
Dengue,Cubatão,2024,29,202429,2024-07-21,9,9,6,3,0,8,1
Dengue,Cubatão,2024,30,202430,2024-07-28,7,7,3,4,3,3,1
Dengue,Cubatão,2024,31,202431,2024-08-04,4,4,2,2,0,3,1
Dengue,Cubatão,2024,32,202432,2024-08-11,2,2,2,0,0,2,0
Dengue,Cubatão,2024,33,202433,2024-08-18,2,2,2,0,1,1,0
Dengue,Cubatão,2024,34,202434,2024-08-25,6,6,5,1,0,6,0
Dengue,Cubatão,2024,35,202435,2024-09-01,6,6,3,3,3,3,0
Dengue,Cubatão,2024,37,202437,2024-09-15,1,1,0,1,1,0,0
Dengue,Cubatão,2024,38,202438,2024-09-22,3,3,2,1,1,2,0
Dengue,Cubatão,2024,40,202440,2024-10-06,2,2,2,0,0,2,0
Dengue,Cubatão,2024,41,202441,2024-10-13,1,1,1,0,1,0,0
Dengue,Cubatão,2024,42,202442,2024-10-20,3,3,3,0,1,1,1
Dengue,Cubatão,2024,44,202444,2024-11-03,3,3,1,2,2,1,0
Dengue,Cubatão,2024,47,202447,2024-11-24,3,3,1,2,1,2,0
Dengue,Cubatão,2024,48,202448,2024-12-01,3,3,3,0,0,3,0
Dengue,Cubatão,2024,49,202449,2024-12-08,1,1,1,0,0,1,0
Dengue,Cubatão,2024,50,202450,2024-12-15,6,5,4,2,0,5,1
Dengue,Cubatão,2024,51,202451,2024-12-22,4,4,2,2,0,3,1
Dengue,Cubatão,2024,52,202452,2024-12-29,1,1,0,1,0,1,0
Dengue,Cubatão,2025,1,202501,2025-01-05,4,4,4,0,2,2,0
Dengue,Cubatão,2025,3,202503,2025-01-19,1,1,0,1,0,1,0
Dengue,Cubatão,2025,7,202507,2025-02-16,1,1,0,1,0,1,0
Dengue,Cubatão,2025,8,202508,2025-02-23,1,1,1,0,1,0,0
Dengue,Cubatão,2025,9,202509,2025-03-02,6,6,5,1,4,2,0
Dengue,Cubatão,2025,10,202510,2025-03-09,7,7,5,2,0,7,0
Dengue,Cubatão,2025,11,202511,2025-03-16,11,11,3,8,1,10,0
Dengue,Cubatão,2025,12,202512,2025-03-23,11,11,8,3,4,7,0
Dengue,Cubatão,2025,13,202513,2025-03-30,14,14,6,8,2,10,2
Dengue,Cubatão,2025,14,202514,2025-04-06,9,9,6,3,1,8,0
Dengue,Cubatão,2025,15,202515,2025-04-13,11,11,4,7,3,7,1
Dengue,Cubatão,2025,16,202516,2025-04-20,9,9,8,1,0,9,0
Dengue,Cubatão,2025,17,202517,2025-04-27,12,12,7,5,0,11,1
Dengue,Cubatão,2025,18,202518,2025-05-04,1,1,0,1,0,1,0
Dengue,Cubatão,2025,19,202519,2025-05-11,2,2,1,1,0,2,0
Dengue,Cubatão,2025,20,202520,2025-05-18,7,6,2,5,3,3,1
Dengue,Cubatão,2025,21,202521,2025-05-25,11,11,6,5,5,2,4
Dengue,Cubatão,2025,22,202522,2025-06-01,18,18,8,10,6,12,0
Dengue,Cubatão,2025,23,202523,2025-06-08,15,15,9,6,6,7,2
Dengue,Cubatão,2025,24,202524,2025-06-15,11,10,6,5,2,9,0
Dengue,Cubatão,2025,25,202525,2025-06-22,7,7,3,4,1,6,0
Dengue,Cubatão,2025,26,202526,2025-06-29,4,4,1,3,2,2,0
Dengue,Cubatão,2025,27,202527,2025-07-06,8,8,4,4,3,5,0
Dengue,Cubatão,2025,28,202528,2025-07-13,3,3,1,2,2,1,0
Dengue,Cubatão,2025,29,202529,2025-07-20,1,1,1,0,0,1,0
Dengue,Cubatão,2025,30,202530,2025-07-27,3,3,0,3,2,1,0
Dengue,Cubatão,2025,31,202531,2025-08-03,3,3,1,2,0,3,0
Dengue,Cubatão,2025,32,202532,2025-08-10,3,3,2,1,0,3,0
Dengue,Cubatão,2025,33,202533,2025-08-17,1,1,1,0,1,0,0
Dengue,Cubatão,2025,34,202534,2025-08-24,1,1,1,0,0,0,1
Dengue,Cubatão,2025,35,202535,2025-08-31,1,1,1,0,0,1,0
Dengue,Cubatão,2025,36,202536,2025-09-07,4,4,2,2,0,3,1
Dengue,Cubatão,2025,37,202537,2025-09-14,5,5,3,2,1,4,0
Dengue,Cubatão,2025,38,202538,2025-09-21,4,4,1,3,0,4,0
Dengue,Cubatão,2025,40,202540,2025-10-05,2,2,1,1,0,2,0
Dengue,Cubatão,2025,42,202542,2025-10-19,1,1,1,0,0,1,0
Dengue,Cubatão,2025,43,202543,2025-10-26,2,2,1,1,0,2,0
Dengue,Cubatão,2025,44,202544,2025-11-02,3,3,2,1,1,2,0
Dengue,Cubatão,2025,45,202545,2025-11-09,3,3,2,1,1,2,0
Dengue,Cubatão,2025,46,202546,2025-11-16,1,1,1,0,1,0,0
Dengue,Cubatão,2025,50,202550,2025-12-14,2,1,1,1,0,2,0
Dengue,Cubatão,2025,51,202551,2025-12-21,3,2,2,1,1,2,0
Dengue,Cubatão,2025,52,202552,2025-12-28,2,2,0,2,1,1,0
Dengue,Cubatão,2025,53,202553,2026-01-04,1,1,1,0,0,1,0
Dengue,Cubatão,2026,8,202608,2026-02-22,1,1,0,1,0,1,0
Dengue,Cubatão,2026,9,202609,2026-03-01,3,3,2,1,1,2,0
Dengue,Cubatão,2026,10,202610,2026-03-08,2,2,2,0,1,1,0
Dengue,Cubatão,2026,11,202611,2026-03-15,4,3,3,1,0,4,0
Dengue,Cubatão,2026,12,202612,2026-03-22,12,8,7,5,2,10,0
Dengue,Cubatão,2026,13,202613,2026-03-29,1,1,0,1,0,0,1
Dengue,Cubatão,2026,14,202614,2026-04-05,6,5,2,4,3,3,0
Dengue,Cubatão,2026,15,202615,2026-04-12,5,4,3,2,1,4,0
Dengue,Cubatão,2026,16,202616,2026-04-19,4,3,3,1,1,3,0
Dengue,Cubatão,2026,17,202617,2026-04-26,2,2,2,0,0,2,0
Dengue,Cubatão,2026,18,202618,2026-05-03,6,4,4,2,2,4,0
Dengue,Cubatão,2026,19,202619,2026-05-10,1,1,0,1,1,0,0
Dengue,Cubatão,2026,21,202621,2026-05-24,3,1,2,1,0,3,0
Dengue,Cubatão,2026,22,202622,2026-05-31,14,11,8,6,2,11,1
Dengue,Cubatão,2026,23,202623,2026-06-07,10,5,4,6,2,7,1
Dengue,Cubatão,2026,24,202624,2026-06-14,3,1,1,2,1,2,0
Dengue,Cubatão,2026,25,202625,2026-06-21,3,0,1,2,0,3,0
Dengue,Cubatão,2026,26,202626,2026-06-28,13,9,6,7,2,11,0
Dengue,Cubatão,2026,27,202627,2026-07-05,1,1,0,1,0,1,0
Dengue,Cubatão,2026,29,202629,2026-07-19,3,2,1,2,0,3,0
Dengue,Cubatão,2026,30,202630,2026-07-26,3,2,2,1,0,3,0
Dengue,Cubatão,2026,31,202631,2026-08-02,4,3,3,1,0,4,0
Dengue,Cubatão,2026,32,202632,2026-08-09,1,1,1,0,0,1,0
Dengue,Cubatão,2026,34,202634,2026-08-23,2,1,0,2,0,2,0
Dengue,Cubatão,2026,35,202635,2026-08-30,1,1,1,0,0,1,0
Dengue,Estado de São Paulo,2021,1,202101,2021-01-03,1779,383,962,817,326,1284,169
Dengue,Estado de São Paulo,2021,2,202102,2021-01-10,3310,825,1761,1546,627,2312,371
Dengue,Estado de São Paulo,2021,3,202103,2021-01-17,4197,1182,2274,1921,774,2938,485
Dengue,Estado de São Paulo,2021,4,202104,2021-01-24,4958,1640,2733,2221,969,3420,569
Dengue,Estado de São Paulo,2021,5,202105,2021-01-31,6200,2361,3434,2762,1298,4188,714
Dengue,Estado de São Paulo,2021,6,202106,2021-02-07,7626,3171,4264,3357,1556,5110,960
Dengue,Estado de São Paulo,2021,7,202107,2021-02-14,9569,4267,5312,4249,1943,6356,1270
Dengue,Estado de São Paulo,2021,8,202108,2021-02-21,11416,5230,6367,5037,2235,7693,1488
Dengue,Estado de São Paulo,2021,9,202109,2021-02-28,13540,6121,7487,6036,2721,9011,1808
Dengue,Estado de São Paulo,2021,10,202110,2021-03-07,14528,6381,8018,6493,2844,9774,1910
Dengue,Estado de São Paulo,2021,11,202111,2021-03-14,15234,6446,8407,6812,3009,10211,2014
Dengue,Estado de São Paulo,2021,12,202112,2021-03-21,17083,7627,9402,7661,3264,11569,2250
Dengue,Estado de São Paulo,2021,13,202113,2021-03-28,16450,8433,9039,7393,3207,11044,2199
Dengue,Estado de São Paulo,2021,14,202114,2021-04-04,21804,12374,12005,9777,4255,14548,3001
Dengue,Estado de São Paulo,2021,15,202115,2021-04-11,21103,11408,11684,9390,4362,14021,2720
Dengue,Estado de São Paulo,2021,16,202116,2021-04-18,19095,10477,10391,8677,4030,12530,2535
Dengue,Estado de São Paulo,2021,17,202117,2021-04-25,19189,10026,10304,8853,4003,12832,2354
Dengue,Estado de São Paulo,2021,18,202118,2021-05-02,17015,8426,9157,7835,3548,11447,2020
Dengue,Estado de São Paulo,2021,19,202119,2021-05-09,14461,6836,7661,6791,2943,9857,1661
Dengue,Estado de São Paulo,2021,20,202120,2021-05-16,12962,5470,6874,6072,2552,8959,1451
Dengue,Estado de São Paulo,2021,21,202121,2021-05-23,10091,3990,5134,4947,2099,6947,1045
Dengue,Estado de São Paulo,2021,22,202122,2021-05-30,7758,2823,3997,3750,1534,5476,748
Dengue,Estado de São Paulo,2021,23,202123,2021-06-06,7766,3014,3934,3830,1618,5435,713
Dengue,Estado de São Paulo,2021,24,202124,2021-06-13,6047,2281,3112,2933,1225,4289,533
Dengue,Estado de São Paulo,2021,25,202125,2021-06-20,4879,1545,2497,2377,969,3457,453
Dengue,Estado de São Paulo,2021,26,202126,2021-06-27,3331,1022,1722,1605,709,2277,345
Dengue,Estado de São Paulo,2021,27,202127,2021-07-04,2781,786,1438,1343,588,1931,262
Dengue,Estado de São Paulo,2021,28,202128,2021-07-11,2969,705,1550,1419,663,2061,245
Dengue,Estado de São Paulo,2021,29,202129,2021-07-18,2142,490,1082,1060,481,1467,194
Dengue,Estado de São Paulo,2021,30,202130,2021-07-25,1831,371,952,878,403,1270,158
Dengue,Estado de São Paulo,2021,31,202131,2021-08-01,1598,316,835,762,373,1070,155
Dengue,Estado de São Paulo,2021,32,202132,2021-08-08,1772,296,971,799,467,1142,163
Dengue,Estado de São Paulo,2021,33,202133,2021-08-15,1948,308,1023,917,533,1249,166
Dengue,Estado de São Paulo,2021,34,202134,2021-08-22,2092,302,1128,964,601,1297,194
Dengue,Estado de São Paulo,2021,35,202135,2021-08-29,1769,260,988,780,453,1165,151
Dengue,Estado de São Paulo,2021,36,202136,2021-09-05,1629,228,862,765,461,1026,142
Dengue,Estado de São Paulo,2021,37,202137,2021-09-12,1879,278,971,907,525,1184,170
Dengue,Estado de São Paulo,2021,38,202138,2021-09-19,2005,234,1052,953,569,1243,193
Dengue,Estado de São Paulo,2021,39,202139,2021-09-26,2010,275,1049,961,552,1269,189
Dengue,Estado de São Paulo,2021,40,202140,2021-10-03,1661,214,877,783,455,1035,171
Dengue,Estado de São Paulo,2021,41,202141,2021-10-10,1541,220,805,735,414,977,150
Dengue,Estado de São Paulo,2021,42,202142,2021-10-17,1778,261,912,866,479,1130,169
Dengue,Estado de São Paulo,2021,43,202143,2021-10-24,1686,244,856,827,490,1052,144
Dengue,Estado de São Paulo,2021,44,202144,2021-10-31,1630,226,809,820,431,1047,152
Dengue,Estado de São Paulo,2021,45,202145,2021-11-07,1872,326,984,887,528,1170,174
Dengue,Estado de São Paulo,2021,46,202146,2021-11-14,2003,379,1017,985,552,1256,195
Dengue,Estado de São Paulo,2021,47,202147,2021-11-21,2202,444,1144,1056,570,1392,240
Dengue,Estado de São Paulo,2021,48,202148,2021-11-28,2679,585,1389,1287,714,1677,288
Dengue,Estado de São Paulo,2021,49,202149,2021-12-05,2924,741,1512,1412,749,1871,304
Dengue,Estado de São Paulo,2021,50,202150,2021-12-12,3704,992,1880,1824,936,2408,360
Dengue,Estado de São Paulo,2021,51,202151,2021-12-19,3437,897,1594,1840,885,2203,349
Dengue,Estado de São Paulo,2021,52,202152,2021-12-26,3853,1273,1916,1934,969,2469,415
Dengue,Estado de São Paulo,2022,1,202201,2022-01-02,998,935,508,490,204,695,99
Dengue,Estado de São Paulo,2022,2,202202,2022-01-09,1514,1427,795,719,245,1071,198
Dengue,Estado de São Paulo,2022,3,202203,2022-01-16,1819,1717,948,871,349,1248,222
Dengue,Estado de São Paulo,2022,4,202204,2022-01-23,1746,1626,940,806,392,1091,263
Dengue,Estado de São Paulo,2022,5,202205,2022-01-30,2211,2125,1205,1004,413,1438,360
Dengue,Estado de São Paulo,2022,6,202206,2022-02-06,2827,2692,1550,1277,577,1753,497
Dengue,Estado de São Paulo,2022,7,202207,2022-02-13,3698,3541,2003,1694,803,2276,619
Dengue,Estado de São Paulo,2022,8,202208,2022-02-20,4683,4440,2624,2059,951,2892,840
Dengue,Estado de São Paulo,2022,9,202209,2022-02-27,5641,5478,3029,2611,1047,3540,1054
Dengue,Estado de São Paulo,2022,10,202210,2022-03-06,10306,9975,5721,4579,2131,6330,1845
Dengue,Estado de São Paulo,2022,11,202211,2022-03-13,13349,12935,7434,5904,2750,8241,2358
Dengue,Estado de São Paulo,2022,12,202212,2022-03-20,16537,15966,9018,7500,3238,10422,2877
Dengue,Estado de São Paulo,2022,13,202213,2022-03-27,20438,19658,11319,9092,4185,12898,3355
Dengue,Estado de São Paulo,2022,14,202214,2022-04-03,23736,22621,13254,10465,4990,14904,3842
Dengue,Estado de São Paulo,2022,15,202215,2022-04-10,24257,23106,13260,10969,4960,15376,3921
Dengue,Estado de São Paulo,2022,16,202216,2022-04-17,26601,25326,14583,11995,5021,17103,4477
Dengue,Estado de São Paulo,2022,17,202217,2022-04-24,31423,29821,17021,14380,6821,19764,4838
Dengue,Estado de São Paulo,2022,18,202218,2022-05-01,30715,29054,16596,14096,6483,19598,4634
Dengue,Estado de São Paulo,2022,19,202219,2022-05-08,31252,29581,16843,14385,6342,20091,4819
Dengue,Estado de São Paulo,2022,20,202220,2022-05-15,18829,17778,9917,8896,3760,12343,2726
Dengue,Estado de São Paulo,2022,21,202221,2022-05-22,14827,14046,7850,6967,3077,9755,1995
Dengue,Estado de São Paulo,2022,22,202222,2022-05-29,9916,9313,5174,4730,2190,6634,1092
Dengue,Estado de São Paulo,2022,23,202223,2022-06-05,9048,8542,4737,4304,2031,5882,1135
Dengue,Estado de São Paulo,2022,24,202224,2022-06-12,5373,5030,2772,2595,1169,3559,645
Dengue,Estado de São Paulo,2022,25,202225,2022-06-19,5198,4858,2696,2496,1058,3500,640
Dengue,Estado de São Paulo,2022,26,202226,2022-06-26,3709,3434,1886,1819,778,2512,419
Dengue,Estado de São Paulo,2022,27,202227,2022-07-03,3269,2986,1703,1566,695,2187,387
Dengue,Estado de São Paulo,2022,28,202228,2022-07-10,2541,2311,1293,1248,523,1729,289
Dengue,Estado de São Paulo,2022,29,202229,2022-07-17,2301,2095,1206,1090,473,1521,307
Dengue,Estado de São Paulo,2022,30,202230,2022-07-24,1968,1757,1063,905,456,1272,240
Dengue,Estado de São Paulo,2022,31,202231,2022-07-31,1853,1687,1019,832,418,1181,254
Dengue,Estado de São Paulo,2022,32,202232,2022-08-07,1351,1253,673,678,318,882,151
Dengue,Estado de São Paulo,2022,33,202233,2022-08-14,1278,1158,636,641,316,804,158
Dengue,Estado de São Paulo,2022,34,202234,2022-08-21,943,777,502,441,250,604,89
Dengue,Estado de São Paulo,2022,35,202235,2022-08-28,852,748,426,425,264,474,114
Dengue,Estado de São Paulo,2022,36,202236,2022-09-04,707,621,369,338,215,420,72
Dengue,Estado de São Paulo,2022,37,202237,2022-09-11,785,685,387,397,240,491,54
Dengue,Estado de São Paulo,2022,38,202238,2022-09-18,727,610,365,362,222,444,61
Dengue,Estado de São Paulo,2022,39,202239,2022-09-25,581,489,304,277,206,332,43
Dengue,Estado de São Paulo,2022,40,202240,2022-10-02,700,568,348,352,256,378,66
Dengue,Estado de São Paulo,2022,41,202241,2022-10-09,622,514,325,297,194,374,54
Dengue,Estado de São Paulo,2022,42,202242,2022-10-16,697,579,348,349,249,387,61
Dengue,Estado de São Paulo,2022,43,202243,2022-10-23,757,623,392,365,265,430,62
Dengue,Estado de São Paulo,2022,44,202244,2022-10-30,615,534,340,275,164,390,61
Dengue,Estado de São Paulo,2022,45,202245,2022-11-06,836,706,473,363,231,512,93
Dengue,Estado de São Paulo,2022,46,202246,2022-11-13,708,610,367,339,191,432,85
Dengue,Estado de São Paulo,2022,47,202247,2022-11-20,889,779,500,388,182,603,104
Dengue,Estado de São Paulo,2022,48,202248,2022-11-27,925,815,493,430,222,562,141
Dengue,Estado de São Paulo,2022,49,202249,2022-12-04,871,760,465,405,176,560,135
Dengue,Estado de São Paulo,2022,50,202250,2022-12-11,1157,1024,614,543,256,728,173
Dengue,Estado de São Paulo,2022,51,202251,2022-12-18,1122,972,603,517,226,714,182
Dengue,Estado de São Paulo,2022,52,202252,2022-12-25,1185,1055,654,531,238,739,208
Dengue,Estado de São Paulo,2023,1,202301,2023-01-01,1193,1164,612,579,206,832,155
Dengue,Estado de São Paulo,2023,2,202302,2023-01-08,2491,2421,1329,1161,429,1626,436
Dengue,Estado de São Paulo,2023,3,202303,2023-01-15,2942,2850,1594,1345,579,1885,478
Dengue,Estado de São Paulo,2023,4,202304,2023-01-22,4230,4107,2251,1978,772,2699,759
Dengue,Estado de São Paulo,2023,5,202305,2023-01-29,5433,5286,2853,2577,1026,3330,1077
Dengue,Estado de São Paulo,2023,6,202306,2023-02-05,7145,6962,3815,3318,1544,4351,1250
Dengue,Estado de São Paulo,2023,7,202307,2023-02-12,9552,9339,5205,4340,1935,5883,1734
Dengue,Estado de São Paulo,2023,8,202308,2023-02-19,8844,8632,4760,4078,1688,5558,1598
Dengue,Estado de São Paulo,2023,9,202309,2023-02-26,12052,11785,6546,5501,2642,7449,1961
Dengue,Estado de São Paulo,2023,10,202310,2023-03-05,15628,15305,8522,7099,3506,9501,2621
Dengue,Estado de São Paulo,2023,11,202311,2023-03-12,17925,17573,9837,8083,4076,10888,2961
Dengue,Estado de São Paulo,2023,12,202312,2023-03-19,21009,20585,11406,9578,5071,12736,3202
Dengue,Estado de São Paulo,2023,13,202313,2023-03-26,24298,23818,13181,11066,5654,14813,3831
Dengue,Estado de São Paulo,2023,14,202314,2023-04-02,22531,22110,12233,10177,5056,13705,3770
Dengue,Estado de São Paulo,2023,15,202315,2023-04-09,26898,26370,14660,12190,5927,16620,4351
Dengue,Estado de São Paulo,2023,16,202316,2023-04-16,21567,21096,11455,10094,4860,13380,3327
Dengue,Estado de São Paulo,2023,17,202317,2023-04-23,21958,21502,11582,10354,5002,13660,3296
Dengue,Estado de São Paulo,2023,18,202318,2023-04-30,17428,17024,9049,8356,4127,10913,2388
Dengue,Estado de São Paulo,2023,19,202319,2023-05-07,17559,17076,9143,8393,4308,10864,2387
Dengue,Estado de São Paulo,2023,20,202320,2023-05-14,15118,14761,8009,7080,3511,9601,2006
Dengue,Estado de São Paulo,2023,21,202321,2023-05-21,10653,10338,5418,5220,2501,6772,1380
Dengue,Estado de São Paulo,2023,22,202322,2023-05-28,6664,6472,3354,3305,1586,4217,861
Dengue,Estado de São Paulo,2023,23,202323,2023-06-04,4735,4525,2451,2276,1107,3080,548
Dengue,Estado de São Paulo,2023,24,202324,2023-06-11,4159,3938,2100,2057,902,2755,502
Dengue,Estado de São Paulo,2023,25,202325,2023-06-18,3152,3006,1567,1585,700,2080,372
Dengue,Estado de São Paulo,2023,26,202326,2023-06-25,1972,1850,1046,924,416,1348,208
Dengue,Estado de São Paulo,2023,27,202327,2023-07-02,1445,1352,740,704,290,981,174
Dengue,Estado de São Paulo,2023,28,202328,2023-07-09,1171,1052,595,576,221,816,134
Dengue,Estado de São Paulo,2023,29,202329,2023-07-16,924,811,477,446,199,611,114
Dengue,Estado de São Paulo,2023,30,202330,2023-07-23,865,786,436,429,160,610,95
Dengue,Estado de São Paulo,2023,31,202331,2023-07-30,743,678,397,346,175,489,79
Dengue,Estado de São Paulo,2023,32,202332,2023-08-06,714,647,380,334,175,463,76
Dengue,Estado de São Paulo,2023,33,202333,2023-08-13,687,619,360,327,187,418,82
Dengue,Estado de São Paulo,2023,34,202334,2023-08-20,781,718,410,371,213,494,74
Dengue,Estado de São Paulo,2023,35,202335,2023-08-27,564,515,323,241,124,370,70
Dengue,Estado de São Paulo,2023,36,202336,2023-09-03,557,494,279,278,139,367,51
Dengue,Estado de São Paulo,2023,37,202337,2023-09-10,725,640,365,360,199,468,58
Dengue,Estado de São Paulo,2023,38,202338,2023-09-17,756,661,392,363,217,466,73
Dengue,Estado de São Paulo,2023,39,202339,2023-09-24,723,612,374,349,199,433,91
Dengue,Estado de São Paulo,2023,40,202340,2023-10-01,838,731,452,385,217,536,85
Dengue,Estado de São Paulo,2023,41,202341,2023-10-08,656,571,360,295,148,440,68
Dengue,Estado de São Paulo,2023,42,202342,2023-10-15,886,754,458,427,259,531,96
Dengue,Estado de São Paulo,2023,43,202343,2023-10-22,937,814,500,435,246,595,96
Dengue,Estado de São Paulo,2023,44,202344,2023-10-29,803,697,413,390,202,518,83
Dengue,Estado de São Paulo,2023,45,202345,2023-11-05,1187,1031,606,581,298,744,145
Dengue,Estado de São Paulo,2023,46,202346,2023-11-12,1074,911,573,499,267,653,154
Dengue,Estado de São Paulo,2023,47,202347,2023-11-19,1282,1143,701,581,284,812,186
Dengue,Estado de São Paulo,2023,48,202348,2023-11-26,1677,1550,890,786,380,1036,261
Dengue,Estado de São Paulo,2023,49,202349,2023-12-03,1682,1522,907,774,372,1037,273
Dengue,Estado de São Paulo,2023,50,202350,2023-12-10,2256,2040,1194,1062,485,1460,311
Dengue,Estado de São Paulo,2023,51,202351,2023-12-17,2619,2395,1352,1266,557,1696,366
Dengue,Estado de São Paulo,2023,52,202352,2023-12-24,3485,3201,1802,1682,740,2127,618
Dengue,Estado de São Paulo,2024,1,202401,2024-01-07,3532,3462,1814,1716,648,2323,561
Dengue,Estado de São Paulo,2024,2,202402,2024-01-14,7418,7324,3846,3572,1483,4772,1163
Dengue,Estado de São Paulo,2024,3,202403,2024-01-21,10763,10615,5716,5044,2151,6853,1759
Dengue,Estado de São Paulo,2024,4,202404,2024-01-28,15805,15572,8428,7373,3059,10040,2706
Dengue,Estado de São Paulo,2024,5,202405,2024-02-04,20982,20706,11141,9831,4121,13428,3433
Dengue,Estado de São Paulo,2024,6,202406,2024-02-11,28946,28561,15473,13448,5847,18781,4318
Dengue,Estado de São Paulo,2024,7,202407,2024-02-18,33873,33447,18256,15575,6751,21851,5271
Dengue,Estado de São Paulo,2024,8,202408,2024-02-25,51309,50680,28061,23201,10817,32594,7898
Dengue,Estado de São Paulo,2024,9,202409,2024-03-03,61351,60597,33450,27847,13613,38980,8758
Dengue,Estado de São Paulo,2024,10,202410,2024-03-10,76398,75613,41392,34951,17172,47607,11619
Dengue,Estado de São Paulo,2024,11,202411,2024-03-17,88376,87424,48205,40116,19748,54892,13736
Dengue,Estado de São Paulo,2024,12,202412,2024-03-24,112872,111893,60799,51997,25183,69910,17779
Dengue,Estado de São Paulo,2024,13,202413,2024-03-31,122303,121295,66374,55817,24913,76477,20913
Dengue,Estado de São Paulo,2024,14,202414,2024-04-07,127217,126137,68902,58174,27583,79515,20119
Dengue,Estado de São Paulo,2024,15,202415,2024-04-14,147314,146078,79128,68046,32848,92564,21902
Dengue,Estado de São Paulo,2024,16,202416,2024-04-21,144184,143057,78127,65915,31065,90491,22628
Dengue,Estado de São Paulo,2024,17,202417,2024-04-28,148230,147049,80409,67719,32591,91987,23652
Dengue,Estado de São Paulo,2024,18,202418,2024-05-05,134900,133657,72768,62017,28891,84105,21904
Dengue,Estado de São Paulo,2024,19,202419,2024-05-12,148500,147077,80698,67651,31882,92157,24461
Dengue,Estado de São Paulo,2024,20,202420,2024-05-19,149252,147723,81551,67547,31284,91570,26398
Dengue,Estado de São Paulo,2024,21,202421,2024-05-26,128531,127171,69970,58417,27166,79029,22336
Dengue,Estado de São Paulo,2024,22,202422,2024-06-02,82099,81022,43861,38170,16518,51361,14220
Dengue,Estado de São Paulo,2024,23,202423,2024-06-09,60967,60128,32646,28249,12996,37744,10227
Dengue,Estado de São Paulo,2024,24,202424,2024-06-16,46639,45965,24291,22291,10890,28916,6833
Dengue,Estado de São Paulo,2024,25,202425,2024-06-23,39535,38943,20955,18553,9026,24661,5848
Dengue,Estado de São Paulo,2024,26,202426,2024-06-30,32062,31364,17085,14947,7360,19863,4839
Dengue,Estado de São Paulo,2024,27,202427,2024-07-07,20119,19768,10606,9495,4153,13070,2896
Dengue,Estado de São Paulo,2024,28,202428,2024-07-14,12810,12498,6693,6109,2869,7997,1944
Dengue,Estado de São Paulo,2024,29,202429,2024-07-21,10716,10460,5591,5113,2141,7033,1542
Dengue,Estado de São Paulo,2024,30,202430,2024-07-28,8727,8495,4582,4142,1707,5696,1324
Dengue,Estado de São Paulo,2024,31,202431,2024-08-04,7433,7232,3951,3479,1574,4759,1100
Dengue,Estado de São Paulo,2024,32,202432,2024-08-11,6850,6641,3644,3201,1502,4299,1049
Dengue,Estado de São Paulo,2024,33,202433,2024-08-18,5077,4860,2664,2410,1034,3265,778
Dengue,Estado de São Paulo,2024,34,202434,2024-08-25,4702,4405,2580,2119,1073,2963,666
Dengue,Estado de São Paulo,2024,35,202435,2024-09-01,3902,3689,2102,1799,901,2428,573
Dengue,Estado de São Paulo,2024,36,202436,2024-09-08,3884,3620,2066,1818,1029,2337,518
Dengue,Estado de São Paulo,2024,37,202437,2024-09-15,3797,3527,2041,1754,1021,2275,501
Dengue,Estado de São Paulo,2024,38,202438,2024-09-22,3211,2960,1734,1477,884,1926,401
Dengue,Estado de São Paulo,2024,39,202439,2024-09-29,3455,3160,1857,1596,1004,2072,379
Dengue,Estado de São Paulo,2024,40,202440,2024-10-06,3265,3009,1719,1545,933,1966,366
Dengue,Estado de São Paulo,2024,41,202441,2024-10-13,3064,2809,1670,1393,813,1848,403
Dengue,Estado de São Paulo,2024,42,202442,2024-10-20,3169,2941,1691,1477,843,1927,399
Dengue,Estado de São Paulo,2024,43,202443,2024-10-27,3212,2952,1684,1523,856,1939,417
Dengue,Estado de São Paulo,2024,44,202444,2024-11-03,3189,2919,1690,1498,882,1891,416
Dengue,Estado de São Paulo,2024,45,202445,2024-11-10,3382,3134,1778,1603,863,2073,446
Dengue,Estado de São Paulo,2024,46,202446,2024-11-17,3283,3018,1723,1559,872,1990,421
Dengue,Estado de São Paulo,2024,47,202447,2024-11-24,4209,3895,2233,1976,988,2621,600
Dengue,Estado de São Paulo,2024,48,202448,2024-12-01,5086,4664,2730,2352,1179,3139,768
Dengue,Estado de São Paulo,2024,49,202449,2024-12-08,6184,5704,3333,2850,1217,3873,1094
Dengue,Estado de São Paulo,2024,50,202450,2024-12-15,7911,7421,4284,3625,1420,4905,1586
Dengue,Estado de São Paulo,2024,51,202451,2024-12-22,9560,8803,5187,4369,1741,5984,1835
Dengue,Estado de São Paulo,2024,52,202452,2024-12-29,8858,8165,4794,4058,1616,5528,1714
Dengue,Estado de São Paulo,2025,1,202501,2025-01-05,9544,9405,4894,4646,1680,6236,1628
Dengue,Estado de São Paulo,2025,2,202502,2025-01-12,21469,21295,11271,10188,3597,14034,3838
Dengue,Estado de São Paulo,2025,3,202503,2025-01-19,25076,24892,13662,11401,4428,15953,4695
Dengue,Estado de São Paulo,2025,4,202504,2025-01-26,29141,28894,15889,13239,5327,18509,5305
Dengue,Estado de São Paulo,2025,5,202505,2025-02-02,35166,34923,19469,15680,6267,22407,6492
Dengue,Estado de São Paulo,2025,6,202506,2025-02-09,34958,34710,19170,15768,6734,21924,6300
Dengue,Estado de São Paulo,2025,7,202507,2025-02-16,37101,36815,20291,16782,7755,23314,6032
Dengue,Estado de São Paulo,2025,8,202508,2025-02-23,41911,41620,23266,18628,8777,26283,6851
Dengue,Estado de São Paulo,2025,9,202509,2025-03-02,48863,48505,27060,21774,9752,30733,8378
Dengue,Estado de São Paulo,2025,10,202510,2025-03-09,47653,47368,26303,21314,8729,30364,8560
Dengue,Estado de São Paulo,2025,11,202511,2025-03-16,57371,57029,31685,25650,11485,35729,10157
Dengue,Estado de São Paulo,2025,12,202512,2025-03-23,57784,57448,32142,25612,11162,35981,10641
Dengue,Estado de São Paulo,2025,13,202513,2025-03-30,56821,56418,31519,25271,11359,35223,10239
Dengue,Estado de São Paulo,2025,14,202514,2025-04-06,52048,51696,28695,23323,10542,32636,8870
Dengue,Estado de São Paulo,2025,15,202515,2025-04-13,48565,48224,26922,21617,9735,30645,8185
Dengue,Estado de São Paulo,2025,16,202516,2025-04-20,37931,37665,20585,17321,7451,23912,6568
Dengue,Estado de São Paulo,2025,17,202517,2025-04-27,38705,38407,20860,17831,7703,25015,5987
Dengue,Estado de São Paulo,2025,18,202518,2025-05-04,32087,31797,16814,15249,6523,20511,5053
Dengue,Estado de São Paulo,2025,19,202519,2025-05-11,33126,32860,17473,15634,6987,21152,4987
Dengue,Estado de São Paulo,2025,20,202520,2025-05-18,26501,26237,14052,12439,5918,16893,3690
Dengue,Estado de São Paulo,2025,21,202521,2025-05-25,21698,21467,11441,10230,5096,13557,3045
Dengue,Estado de São Paulo,2025,22,202522,2025-06-01,16810,16615,8856,7942,3810,10760,2240
Dengue,Estado de São Paulo,2025,23,202523,2025-06-08,12748,12623,6695,6038,2852,8159,1737
Dengue,Estado de São Paulo,2025,24,202524,2025-06-15,8341,8265,4251,4089,2017,5247,1077
Dengue,Estado de São Paulo,2025,25,202525,2025-06-22,5781,5718,2985,2796,1347,3743,691
Dengue,Estado de São Paulo,2025,26,202526,2025-06-29,4812,4735,2471,2338,1192,3117,503
Dengue,Estado de São Paulo,2025,27,202527,2025-07-06,3821,3717,2009,1810,877,2510,434
Dengue,Estado de São Paulo,2025,28,202528,2025-07-13,2935,2889,1527,1408,652,1965,318
Dengue,Estado de São Paulo,2025,29,202529,2025-07-20,2553,2473,1326,1220,586,1673,294
Dengue,Estado de São Paulo,2025,30,202530,2025-07-27,2325,2242,1275,1046,523,1549,253
Dengue,Estado de São Paulo,2025,31,202531,2025-08-03,1997,1934,1041,955,448,1321,228
Dengue,Estado de São Paulo,2025,32,202532,2025-08-10,1820,1773,983,836,459,1180,181
Dengue,Estado de São Paulo,2025,33,202533,2025-08-17,1554,1480,861,692,442,986,126
Dengue,Estado de São Paulo,2025,34,202534,2025-08-24,1664,1591,917,746,447,1068,149
Dengue,Estado de São Paulo,2025,35,202535,2025-08-31,1463,1421,829,632,402,931,130
Dengue,Estado de São Paulo,2025,36,202536,2025-09-07,1636,1579,924,711,464,1030,142
Dengue,Estado de São Paulo,2025,37,202537,2025-09-14,1787,1731,992,782,529,1118,140
Dengue,Estado de São Paulo,2025,38,202538,2025-09-21,1881,1825,1026,849,612,1132,137
Dengue,Estado de São Paulo,2025,39,202539,2025-09-28,1801,1753,992,808,516,1150,135
Dengue,Estado de São Paulo,2025,40,202540,2025-10-05,2074,2015,1153,921,634,1284,156
Dengue,Estado de São Paulo,2025,41,202541,2025-10-12,1899,1833,1046,852,585,1150,164
Dengue,Estado de São Paulo,2025,42,202542,2025-10-19,1913,1858,1039,874,567,1192,154
Dengue,Estado de São Paulo,2025,43,202543,2025-10-26,1953,1889,1072,880,603,1206,144
Dengue,Estado de São Paulo,2025,44,202544,2025-11-02,1855,1764,1027,827,553,1168,134
Dengue,Estado de São Paulo,2025,45,202545,2025-11-09,1908,1813,1021,885,584,1183,141
Dengue,Estado de São Paulo,2025,46,202546,2025-11-16,2067,1986,1117,949,659,1245,163
Dengue,Estado de São Paulo,2025,47,202547,2025-11-23,1679,1608,909,770,498,1033,148
Dengue,Estado de São Paulo,2025,48,202548,2025-11-30,2052,1949,1120,931,569,1315,168
Dengue,Estado de São Paulo,2025,49,202549,2025-12-07,1965,1846,1088,877,510,1278,177
Dengue,Estado de São Paulo,2025,50,202550,2025-12-14,1819,1693,961,858,519,1167,133
Dengue,Estado de São Paulo,2025,51,202551,2025-12-21,1711,1602,956,755,398,1153,160
Dengue,Estado de São Paulo,2025,52,202552,2025-12-28,1304,1206,705,599,314,867,123
Dengue,Estado de São Paulo,2025,53,202553,2026-01-04,1236,1143,651,585,301,776,159
Dengue,Estado de São Paulo,2026,1,202601,2026-01-04,1023,977,523,500,214,689,120
Dengue,Estado de São Paulo,2026,2,202602,2026-01-11,1680,1607,903,776,375,1118,187
Dengue,Estado de São Paulo,2026,3,202603,2026-01-18,1758,1693,955,802,378,1183,197
Dengue,Estado de São Paulo,2026,4,202604,2026-01-25,1783,1696,957,825,375,1238,170
Dengue,Estado de São Paulo,2026,5,202605,2026-02-01,1815,1743,993,821,424,1168,223
Dengue,Estado de São Paulo,2026,6,202606,2026-02-08,2028,1924,1073,954,510,1263,255
Dengue,Estado de São Paulo,2026,7,202607,2026-02-15,2096,1983,1149,946,441,1407,248
Dengue,Estado de São Paulo,2026,8,202608,2026-02-22,2549,2404,1433,1116,573,1716,260
Dengue,Estado de São Paulo,2026,9,202609,2026-03-01,2624,2428,1483,1140,621,1741,262
Dengue,Estado de São Paulo,2026,10,202610,2026-03-08,2520,2293,1348,1171,667,1609,244
Dengue,Estado de São Paulo,2026,11,202611,2026-03-15,2844,2658,1499,1343,798,1748,298
Dengue,Estado de São Paulo,2026,12,202612,2026-03-22,3169,2982,1692,1475,894,1978,297
Dengue,Estado de São Paulo,2026,13,202613,2026-03-29,2922,2738,1554,1365,807,1805,310
Dengue,Estado de São Paulo,2026,14,202614,2026-04-05,3350,3140,1833,1516,949,2011,390
Dengue,Estado de São Paulo,2026,15,202615,2026-04-12,3462,3263,1831,1630,979,2048,435
Dengue,Estado de São Paulo,2026,16,202616,2026-04-19,2972,2831,1612,1360,808,1822,342
Dengue,Estado de São Paulo,2026,17,202617,2026-04-26,2907,2758,1541,1365,738,1781,388
Dengue,Estado de São Paulo,2026,18,202618,2026-05-03,3565,3383,1891,1674,914,2171,480
Dengue,Estado de São Paulo,2026,19,202619,2026-05-10,2739,2613,1504,1234,672,1743,324
Dengue,Estado de São Paulo,2026,20,202620,2026-05-17,2124,1963,1164,960,603,1298,223
Dengue,Estado de São Paulo,2026,21,202621,2026-05-24,2203,2078,1136,1067,675,1315,213
Dengue,Estado de São Paulo,2026,22,202622,2026-05-31,1458,1350,710,746,440,871,147
Dengue,Estado de São Paulo,2026,23,202623,2026-06-07,1397,1288,715,679,420,851,126
Dengue,Estado de São Paulo,2026,24,202624,2026-06-14,1054,947,567,487,351,626,77
Dengue,Estado de São Paulo,2026,25,202625,2026-06-21,887,778,456,431,261,551,75
Dengue,Estado de São Paulo,2026,26,202626,2026-06-28,973,842,511,462,297,591,85
Dengue,Estado de São Paulo,2026,27,202627,2026-07-05,678,588,331,347,181,437,60
Dengue,Estado de São Paulo,2026,28,202628,2026-07-12,655,560,338,313,152,431,72
Dengue,Estado de São Paulo,2026,29,202629,2026-07-19,672,542,360,312,167,450,55
Dengue,Estado de São Paulo,2026,30,202630,2026-07-26,702,537,374,328,176,452,74
Dengue,Estado de São Paulo,2026,31,202631,2026-08-02,868,554,449,419,235,558,75
Dengue,Estado de São Paulo,2026,32,202632,2026-08-09,934,486,506,428,298,565,71
Dengue,Estado de São Paulo,2026,33,202633,2026-08-16,1244,533,681,563,397,736,111
Dengue,Estado de São Paulo,2026,34,202634,2026-08-23,1484,368,808,676,443,909,132
Dengue,Estado de São Paulo,2026,35,202635,2026-08-30,1174,226,628,546,345,716,113
Dengue,Guarujá,2021,1,202101,2021-01-03,28,5,19,9,4,19,5
Dengue,Guarujá,2021,2,202102,2021-01-10,43,16,22,21,14,25,4
Dengue,Guarujá,2021,3,202103,2021-01-17,93,30,58,35,9,69,15
Dengue,Guarujá,2021,4,202104,2021-01-24,122,35,73,48,18,90,14
Dengue,Guarujá,2021,5,202105,2021-01-31,232,66,141,91,49,148,35
Dengue,Guarujá,2021,6,202106,2021-02-07,325,98,194,129,51,207,67
Dengue,Guarujá,2021,7,202107,2021-02-14,490,157,306,183,43,344,103
Dengue,Guarujá,2021,8,202108,2021-02-21,473,174,274,198,63,325,85
Dengue,Guarujá,2021,9,202109,2021-02-28,491,139,321,169,50,325,116
Dengue,Guarujá,2021,10,202110,2021-03-07,547,100,345,202,46,390,111
Dengue,Guarujá,2021,11,202111,2021-03-14,645,78,401,244,72,432,141
Dengue,Guarujá,2021,12,202112,2021-03-21,690,103,433,257,82,465,143
Dengue,Guarujá,2021,13,202113,2021-03-28,470,64,283,186,50,326,94
Dengue,Guarujá,2021,14,202114,2021-04-04,591,91,369,222,61,409,121
Dengue,Guarujá,2021,15,202115,2021-04-11,489,97,319,170,60,325,104
Dengue,Guarujá,2021,16,202116,2021-04-18,424,79,259,165,45,287,92
Dengue,Guarujá,2021,17,202117,2021-04-25,397,80,251,145,48,252,97
Dengue,Guarujá,2021,18,202118,2021-05-02,297,65,188,109,33,216,48
Dengue,Guarujá,2021,19,202119,2021-05-09,230,50,135,95,30,150,50
Dengue,Guarujá,2021,20,202120,2021-05-16,202,46,130,71,21,150,31
Dengue,Guarujá,2021,21,202121,2021-05-23,155,28,93,62,14,112,29
Dengue,Guarujá,2021,22,202122,2021-05-30,116,24,70,46,14,82,20
Dengue,Guarujá,2021,23,202123,2021-06-06,117,28,67,50,13,88,16
Dengue,Guarujá,2021,24,202124,2021-06-13,87,28,55,32,6,67,14
Dengue,Guarujá,2021,25,202125,2021-06-20,69,17,41,28,8,50,11
Dengue,Guarujá,2021,26,202126,2021-06-27,43,14,28,15,5,33,5
Dengue,Guarujá,2021,27,202127,2021-07-04,38,9,24,14,4,29,5
Dengue,Guarujá,2021,28,202128,2021-07-11,40,9,29,11,3,32,5
Dengue,Guarujá,2021,29,202129,2021-07-18,21,4,13,8,3,14,4
Dengue,Guarujá,2021,30,202130,2021-07-25,31,9,21,10,1,24,6
Dengue,Guarujá,2021,31,202131,2021-08-01,16,4,11,5,1,13,2
Dengue,Guarujá,2021,32,202132,2021-08-08,14,2,9,5,2,10,2
Dengue,Guarujá,2021,33,202133,2021-08-15,13,6,7,6,1,12,0
Dengue,Guarujá,2021,34,202134,2021-08-22,8,3,6,2,2,5,1
Dengue,Guarujá,2021,35,202135,2021-08-29,11,5,7,4,1,9,1
Dengue,Guarujá,2021,36,202136,2021-09-05,7,0,4,3,0,5,2
Dengue,Guarujá,2021,37,202137,2021-09-12,10,2,5,5,1,9,0
Dengue,Guarujá,2021,38,202138,2021-09-19,7,0,4,3,0,7,0
Dengue,Guarujá,2021,39,202139,2021-09-26,3,0,2,1,0,3,0
Dengue,Guarujá,2021,40,202140,2021-10-03,2,0,1,1,0,1,1
Dengue,Guarujá,2021,41,202141,2021-10-10,5,1,3,2,1,3,1
Dengue,Guarujá,2021,42,202142,2021-10-17,5,0,4,1,1,2,2
Dengue,Guarujá,2021,43,202143,2021-10-24,3,2,1,2,0,3,0
Dengue,Guarujá,2021,44,202144,2021-10-31,2,0,1,1,1,1,0
Dengue,Guarujá,2021,45,202145,2021-11-07,7,3,6,1,1,5,1
Dengue,Guarujá,2021,46,202146,2021-11-14,7,2,5,2,1,6,0
Dengue,Guarujá,2021,47,202147,2021-11-21,5,1,2,3,0,4,1
Dengue,Guarujá,2021,48,202148,2021-11-28,5,0,1,4,0,3,2
Dengue,Guarujá,2021,49,202149,2021-12-05,8,1,3,5,0,8,0
Dengue,Guarujá,2021,50,202150,2021-12-12,4,1,3,1,0,4,0
Dengue,Guarujá,2021,51,202151,2021-12-19,7,4,4,3,2,5,0
Dengue,Guarujá,2021,52,202152,2021-12-26,5,3,1,4,1,4,0
Dengue,Guarujá,2022,2,202202,2022-01-09,1,1,0,1,0,1,0
Dengue,Guarujá,2022,3,202203,2022-01-16,2,2,2,0,2,0,0
Dengue,Guarujá,2022,4,202204,2022-01-23,1,1,1,0,0,1,0
Dengue,Guarujá,2022,5,202205,2022-01-30,2,2,1,1,0,2,0
Dengue,Guarujá,2022,6,202206,2022-02-06,3,2,2,1,0,3,0
Dengue,Guarujá,2022,7,202207,2022-02-13,1,1,1,0,0,0,1
Dengue,Guarujá,2022,10,202210,2022-03-06,1,1,0,1,0,0,1
Dengue,Guarujá,2022,11,202211,2022-03-13,1,1,0,1,1,0,0
Dengue,Guarujá,2022,12,202212,2022-03-20,1,1,0,1,0,1,0
Dengue,Guarujá,2022,13,202213,2022-03-27,3,3,2,1,1,2,0
Dengue,Guarujá,2022,14,202214,2022-04-03,1,1,1,0,0,1,0
Dengue,Guarujá,2022,16,202216,2022-04-17,2,2,1,1,0,2,0
Dengue,Guarujá,2022,17,202217,2022-04-24,5,5,1,4,1,3,1
Dengue,Guarujá,2022,18,202218,2022-05-01,4,3,3,1,1,3,0
Dengue,Guarujá,2022,19,202219,2022-05-08,7,7,3,4,2,2,3
Dengue,Guarujá,2022,20,202220,2022-05-15,1,1,0,1,1,0,0
Dengue,Guarujá,2022,21,202221,2022-05-22,4,4,3,1,2,2,0
Dengue,Guarujá,2022,22,202222,2022-05-29,1,1,1,0,0,1,0
Dengue,Guarujá,2022,23,202223,2022-06-05,2,2,0,2,0,2,0
Dengue,Guarujá,2022,25,202225,2022-06-19,2,2,1,1,2,0,0
Dengue,Guarujá,2022,26,202226,2022-06-26,1,1,1,0,1,0,0
Dengue,Guarujá,2022,28,202228,2022-07-10,2,2,0,2,1,1,0
Dengue,Guarujá,2022,29,202229,2022-07-17,1,1,0,1,1,0,0
Dengue,Guarujá,2022,33,202233,2022-08-14,2,2,1,1,0,2,0
Dengue,Guarujá,2022,35,202235,2022-08-28,1,1,0,1,0,1,0
Dengue,Guarujá,2022,37,202237,2022-09-11,1,1,0,1,0,1,0
Dengue,Guarujá,2022,40,202240,2022-10-02,1,1,0,1,1,0,0
Dengue,Guarujá,2022,42,202242,2022-10-16,7,6,2,5,1,5,1
Dengue,Guarujá,2022,43,202243,2022-10-23,1,1,0,1,0,1,0
Dengue,Guarujá,2022,44,202244,2022-10-30,2,2,1,1,0,2,0
Dengue,Guarujá,2022,45,202245,2022-11-06,2,2,2,0,0,2,0
Dengue,Guarujá,2022,46,202246,2022-11-13,3,3,1,2,0,3,0
Dengue,Guarujá,2022,47,202247,2022-11-20,1,1,0,1,0,1,0
Dengue,Guarujá,2022,48,202248,2022-11-27,4,4,2,2,1,3,0
Dengue,Guarujá,2022,49,202249,2022-12-04,2,2,2,0,0,1,1
Dengue,Guarujá,2022,50,202250,2022-12-11,4,3,3,1,0,4,0
Dengue,Guarujá,2023,1,202301,2023-01-01,3,3,3,0,1,2,0
Dengue,Guarujá,2023,2,202302,2023-01-08,2,2,2,0,0,2,0
Dengue,Guarujá,2023,3,202303,2023-01-15,1,1,0,1,0,1,0
Dengue,Guarujá,2023,4,202304,2023-01-22,2,2,1,1,0,2,0
Dengue,Guarujá,2023,5,202305,2023-01-29,4,4,1,3,1,3,0
Dengue,Guarujá,2023,6,202306,2023-02-05,7,7,3,4,1,6,0
Dengue,Guarujá,2023,7,202307,2023-02-12,18,18,10,8,6,10,2
Dengue,Guarujá,2023,8,202308,2023-02-19,8,8,2,6,1,6,1
Dengue,Guarujá,2023,9,202309,2023-02-26,23,22,20,3,6,16,1
Dengue,Guarujá,2023,10,202310,2023-03-05,24,24,11,13,13,10,1
Dengue,Guarujá,2023,11,202311,2023-03-12,38,38,20,18,12,24,2
Dengue,Guarujá,2023,12,202312,2023-03-19,60,60,36,24,11,42,7
Dengue,Guarujá,2023,13,202313,2023-03-26,83,83,37,46,18,59,6
Dengue,Guarujá,2023,14,202314,2023-04-02,70,70,42,28,16,49,5
Dengue,Guarujá,2023,15,202315,2023-04-09,65,65,37,28,13,46,6
Dengue,Guarujá,2023,16,202316,2023-04-16,101,100,52,49,28,66,7
Dengue,Guarujá,2023,17,202317,2023-04-23,80,79,34,46,31,47,2
Dengue,Guarujá,2023,18,202318,2023-04-30,68,68,38,30,18,46,4
Dengue,Guarujá,2023,19,202319,2023-05-07,76,76,38,38,17,55,4
Dengue,Guarujá,2023,20,202320,2023-05-14,86,86,47,39,26,58,2
Dengue,Guarujá,2023,21,202321,2023-05-21,39,39,22,17,9,27,3
Dengue,Guarujá,2023,22,202322,2023-05-28,42,42,24,18,10,28,4
Dengue,Guarujá,2023,23,202323,2023-06-04,53,53,24,29,12,37,4
Dengue,Guarujá,2023,24,202324,2023-06-11,51,50,25,26,12,35,4
Dengue,Guarujá,2023,25,202325,2023-06-18,18,18,9,9,7,10,1
Dengue,Guarujá,2023,26,202326,2023-06-25,15,15,5,10,5,9,1
Dengue,Guarujá,2023,27,202327,2023-07-02,22,22,11,11,3,18,1
Dengue,Guarujá,2023,28,202328,2023-07-09,25,25,14,11,11,13,1
Dengue,Guarujá,2023,29,202329,2023-07-16,2,2,1,1,0,2,0
Dengue,Guarujá,2023,30,202330,2023-07-23,8,8,2,6,3,5,0
Dengue,Guarujá,2023,31,202331,2023-07-30,13,13,5,8,5,8,0
Dengue,Guarujá,2023,32,202332,2023-08-06,21,21,12,9,5,12,4
Dengue,Guarujá,2023,33,202333,2023-08-13,4,4,0,4,2,0,2
Dengue,Guarujá,2023,34,202334,2023-08-20,12,12,4,8,4,8,0
Dengue,Guarujá,2023,35,202335,2023-08-27,14,14,11,3,2,12,0
Dengue,Guarujá,2023,36,202336,2023-09-03,12,11,9,3,4,7,1
Dengue,Guarujá,2023,37,202337,2023-09-10,4,4,1,3,2,2,0
Dengue,Guarujá,2023,38,202338,2023-09-17,7,7,5,2,3,3,1
Dengue,Guarujá,2023,39,202339,2023-09-24,7,5,5,2,2,5,0
Dengue,Guarujá,2023,40,202340,2023-10-01,6,6,4,2,0,6,0
Dengue,Guarujá,2023,41,202341,2023-10-08,7,7,5,2,1,6,0
Dengue,Guarujá,2023,42,202342,2023-10-15,9,7,3,6,3,6,0
Dengue,Guarujá,2023,43,202343,2023-10-22,8,8,5,3,2,5,1
Dengue,Guarujá,2023,44,202344,2023-10-29,11,10,5,6,3,8,0
Dengue,Guarujá,2023,45,202345,2023-11-05,19,14,12,7,2,15,2
Dengue,Guarujá,2023,46,202346,2023-11-12,11,10,6,5,5,6,0
Dengue,Guarujá,2023,47,202347,2023-11-19,19,16,11,8,7,12,0
Dengue,Guarujá,2023,48,202348,2023-11-26,20,19,9,11,9,11,0
Dengue,Guarujá,2023,49,202349,2023-12-03,18,15,12,6,9,8,1
Dengue,Guarujá,2023,50,202350,2023-12-10,34,25,19,15,13,19,2
Dengue,Guarujá,2023,51,202351,2023-12-17,27,11,16,11,12,15,0
Dengue,Guarujá,2023,52,202352,2023-12-24,22,12,7,15,10,10,2
Dengue,Guarujá,2024,1,202401,2024-01-07,3,2,1,2,0,3,0
Dengue,Guarujá,2024,2,202402,2024-01-14,23,23,15,8,6,16,1
Dengue,Guarujá,2024,3,202403,2024-01-21,35,35,18,17,8,23,4
Dengue,Guarujá,2024,4,202404,2024-01-28,46,46,30,16,10,33,3
Dengue,Guarujá,2024,5,202405,2024-02-04,68,68,34,34,17,42,9
Dengue,Guarujá,2024,6,202406,2024-02-11,199,199,109,90,58,123,18
Dengue,Guarujá,2024,7,202407,2024-02-18,241,241,126,115,57,170,14
Dengue,Guarujá,2024,8,202408,2024-02-25,394,394,229,165,95,268,31
Dengue,Guarujá,2024,9,202409,2024-03-03,527,526,299,228,121,374,32
Dengue,Guarujá,2024,10,202410,2024-03-10,424,421,248,176,95,296,33
Dengue,Guarujá,2024,11,202411,2024-03-17,456,453,229,227,122,298,36
Dengue,Guarujá,2024,12,202412,2024-03-24,467,465,278,189,117,309,41
Dengue,Guarujá,2024,13,202413,2024-03-31,629,628,368,261,150,417,62
Dengue,Guarujá,2024,14,202414,2024-04-07,718,718,376,342,204,455,59
Dengue,Guarujá,2024,15,202415,2024-04-14,628,626,342,286,193,373,62
Dengue,Guarujá,2024,16,202416,2024-04-21,602,599,341,261,187,357,58
Dengue,Guarujá,2024,17,202417,2024-04-28,505,501,260,245,122,338,45
Dengue,Guarujá,2024,18,202418,2024-05-05,407,407,209,198,110,256,41
Dengue,Guarujá,2024,19,202419,2024-05-12,501,496,261,240,149,304,48
Dengue,Guarujá,2024,20,202420,2024-05-19,455,454,247,208,140,276,39
Dengue,Guarujá,2024,21,202421,2024-05-26,366,364,210,156,106,229,31
Dengue,Guarujá,2024,22,202422,2024-06-02,203,201,100,103,66,113,24
Dengue,Guarujá,2024,23,202423,2024-06-09,143,142,83,60,44,87,12
Dengue,Guarujá,2024,24,202424,2024-06-16,159,159,90,69,47,103,9
Dengue,Guarujá,2024,25,202425,2024-06-23,94,94,49,45,34,49,11
Dengue,Guarujá,2024,26,202426,2024-06-30,67,67,37,30,25,38,4
Dengue,Guarujá,2024,27,202427,2024-07-07,46,46,22,24,13,29,4
Dengue,Guarujá,2024,28,202428,2024-07-14,34,33,21,13,11,19,4
Dengue,Guarujá,2024,29,202429,2024-07-21,13,13,6,7,5,8,0
Dengue,Guarujá,2024,30,202430,2024-07-28,6,6,3,3,1,4,1
Dengue,Guarujá,2024,31,202431,2024-08-04,6,6,2,4,3,2,1
Dengue,Guarujá,2024,32,202432,2024-08-11,4,4,2,2,2,2,0
Dengue,Guarujá,2024,33,202433,2024-08-18,3,3,2,1,2,1,0
Dengue,Guarujá,2024,35,202435,2024-09-01,5,5,4,1,2,3,0
Dengue,Guarujá,2024,36,202436,2024-09-08,4,4,1,3,1,2,1
Dengue,Guarujá,2024,37,202437,2024-09-15,1,1,1,0,0,1,0
Dengue,Guarujá,2024,38,202438,2024-09-22,2,2,1,1,0,2,0
Dengue,Guarujá,2024,39,202439,2024-09-29,2,2,1,1,0,1,1
Dengue,Guarujá,2024,40,202440,2024-10-06,2,2,1,1,0,2,0
Dengue,Guarujá,2024,43,202443,2024-10-27,1,1,1,0,0,1,0
Dengue,Guarujá,2024,44,202444,2024-11-03,3,3,3,0,1,2,0
Dengue,Guarujá,2024,45,202445,2024-11-10,9,8,4,5,2,5,2
Dengue,Guarujá,2024,46,202446,2024-11-17,2,1,1,1,2,0,0
Dengue,Guarujá,2024,47,202447,2024-11-24,2,1,0,2,1,1,0
Dengue,Guarujá,2024,48,202448,2024-12-01,4,4,2,2,0,3,1
Dengue,Guarujá,2024,49,202449,2024-12-08,5,5,3,2,0,4,1
Dengue,Guarujá,2024,50,202450,2024-12-15,4,4,1,3,3,1,0
Dengue,Guarujá,2024,51,202451,2024-12-22,5,4,3,2,2,2,1
Dengue,Guarujá,2024,52,202452,2024-12-29,1,1,1,0,0,1,0
Dengue,Guarujá,2025,1,202501,2025-01-05,7,6,4,3,0,7,0
Dengue,Guarujá,2025,2,202502,2025-01-12,1,1,1,0,0,1,0
Dengue,Guarujá,2025,3,202503,2025-01-19,7,7,2,5,1,6,0
Dengue,Guarujá,2025,4,202504,2025-01-26,28,27,15,13,6,20,2
Dengue,Guarujá,2025,5,202505,2025-02-02,30,30,13,17,8,18,4
Dengue,Guarujá,2025,6,202506,2025-02-09,34,34,12,22,7,23,4
Dengue,Guarujá,2025,7,202507,2025-02-16,110,106,49,61,25,74,11
Dengue,Guarujá,2025,8,202508,2025-02-23,103,103,55,48,18,79,6
Dengue,Guarujá,2025,9,202509,2025-03-02,151,150,71,80,26,117,8
Dengue,Guarujá,2025,10,202510,2025-03-09,123,118,68,55,18,99,6
Dengue,Guarujá,2025,11,202511,2025-03-16,86,86,47,39,22,58,6
Dengue,Guarujá,2025,12,202512,2025-03-23,114,114,64,50,25,83,6
Dengue,Guarujá,2025,13,202513,2025-03-30,158,156,98,60,40,105,13
Dengue,Guarujá,2025,14,202514,2025-04-06,143,141,77,66,38,92,13
Dengue,Guarujá,2025,15,202515,2025-04-13,205,203,114,91,53,138,14
Dengue,Guarujá,2025,16,202516,2025-04-20,159,158,80,79,36,106,17
Dengue,Guarujá,2025,17,202517,2025-04-27,204,204,98,106,62,132,10
Dengue,Guarujá,2025,18,202518,2025-05-04,219,219,126,93,61,139,19
Dengue,Guarujá,2025,19,202519,2025-05-11,222,219,112,110,75,128,19
Dengue,Guarujá,2025,20,202520,2025-05-18,153,153,82,71,34,107,12
Dengue,Guarujá,2025,21,202521,2025-05-25,160,160,76,84,50,99,11
Dengue,Guarujá,2025,22,202522,2025-06-01,168,162,85,83,52,109,7
Dengue,Guarujá,2025,23,202523,2025-06-08,121,120,68,53,32,83,6
Dengue,Guarujá,2025,24,202524,2025-06-15,81,81,44,37,26,50,5
Dengue,Guarujá,2025,25,202525,2025-06-22,58,58,29,29,13,43,2
Dengue,Guarujá,2025,26,202526,2025-06-29,61,61,34,27,13,47,1
Dengue,Guarujá,2025,27,202527,2025-07-06,39,38,22,17,9,29,1
Dengue,Guarujá,2025,28,202528,2025-07-13,42,42,24,18,9,28,5
Dengue,Guarujá,2025,29,202529,2025-07-20,22,22,14,8,2,19,1
Dengue,Guarujá,2025,30,202530,2025-07-27,19,17,6,13,5,12,2
Dengue,Guarujá,2025,31,202531,2025-08-03,18,17,10,8,2,12,4
Dengue,Guarujá,2025,32,202532,2025-08-10,24,24,11,13,11,12,1
Dengue,Guarujá,2025,33,202533,2025-08-17,12,12,3,9,2,9,1
Dengue,Guarujá,2025,34,202534,2025-08-24,20,19,9,11,3,16,1
Dengue,Guarujá,2025,35,202535,2025-08-31,13,13,8,5,4,9,0
Dengue,Guarujá,2025,36,202536,2025-09-07,19,19,9,10,4,15,0
Dengue,Guarujá,2025,37,202537,2025-09-14,18,18,7,11,3,13,2
Dengue,Guarujá,2025,38,202538,2025-09-21,22,22,10,12,5,17,0
Dengue,Guarujá,2025,39,202539,2025-09-28,12,12,7,5,3,8,1
Dengue,Guarujá,2025,40,202540,2025-10-05,24,24,10,14,5,18,1
Dengue,Guarujá,2025,41,202541,2025-10-12,15,15,11,4,3,11,1
Dengue,Guarujá,2025,42,202542,2025-10-19,13,13,7,6,3,9,1
Dengue,Guarujá,2025,43,202543,2025-10-26,26,26,12,14,4,20,2
Dengue,Guarujá,2025,44,202544,2025-11-02,27,27,11,16,4,19,4
Dengue,Guarujá,2025,45,202545,2025-11-09,38,37,21,17,12,26,0
Dengue,Guarujá,2025,46,202546,2025-11-16,28,27,12,16,7,21,0
Dengue,Guarujá,2025,47,202547,2025-11-23,14,14,7,7,2,10,2
Dengue,Guarujá,2025,48,202548,2025-11-30,26,26,15,11,8,18,0
Dengue,Guarujá,2025,49,202549,2025-12-07,12,12,8,4,3,8,1
Dengue,Guarujá,2025,50,202550,2025-12-14,14,14,5,9,1,13,0
Dengue,Guarujá,2025,51,202551,2025-12-21,23,23,10,13,5,18,0
Dengue,Guarujá,2025,52,202552,2025-12-28,23,22,11,12,5,17,1
Dengue,Guarujá,2025,53,202553,2026-01-04,14,12,7,7,4,9,1
Dengue,Guarujá,2026,1,202601,2026-01-04,13,12,7,6,4,4,5
Dengue,Guarujá,2026,2,202602,2026-01-11,15,14,10,5,6,9,0
Dengue,Guarujá,2026,3,202603,2026-01-18,10,10,2,8,7,3,0
Dengue,Guarujá,2026,4,202604,2026-01-25,17,17,10,7,3,13,1
Dengue,Guarujá,2026,5,202605,2026-02-01,25,24,17,8,4,18,3
Dengue,Guarujá,2026,6,202606,2026-02-08,33,31,13,20,11,18,4
Dengue,Guarujá,2026,7,202607,2026-02-15,37,36,17,20,7,27,3
Dengue,Guarujá,2026,8,202608,2026-02-22,36,36,16,20,11,24,1
Dengue,Guarujá,2026,9,202609,2026-03-01,38,36,17,21,13,23,2
Dengue,Guarujá,2026,10,202610,2026-03-08,35,33,19,16,18,16,1
Dengue,Guarujá,2026,11,202611,2026-03-15,59,55,26,33,14,42,3
Dengue,Guarujá,2026,12,202612,2026-03-22,57,53,22,35,19,36,2
Dengue,Guarujá,2026,13,202613,2026-03-29,48,47,23,25,16,30,2
Dengue,Guarujá,2026,14,202614,2026-04-05,62,60,35,27,15,44,3
Dengue,Guarujá,2026,15,202615,2026-04-12,55,51,32,23,16,34,5
Dengue,Guarujá,2026,16,202616,2026-04-19,48,47,27,21,11,37,0
Dengue,Guarujá,2026,17,202617,2026-04-26,55,54,24,31,9,41,5
Dengue,Guarujá,2026,18,202618,2026-05-03,29,28,13,16,8,18,3
Dengue,Guarujá,2026,19,202619,2026-05-10,28,28,17,11,9,18,1
Dengue,Guarujá,2026,20,202620,2026-05-17,18,18,8,10,10,8,0
Dengue,Guarujá,2026,21,202621,2026-05-24,31,30,18,13,8,21,2
Dengue,Guarujá,2026,22,202622,2026-05-31,30,29,16,14,10,15,5
Dengue,Guarujá,2026,23,202623,2026-06-07,27,26,13,14,5,19,3
Dengue,Guarujá,2026,24,202624,2026-06-14,23,22,12,11,4,19,0
Dengue,Guarujá,2026,25,202625,2026-06-21,38,37,18,20,10,25,3
Dengue,Guarujá,2026,26,202626,2026-06-28,45,43,20,25,13,29,3
Dengue,Guarujá,2026,27,202627,2026-07-05,27,25,16,11,7,18,2
Dengue,Guarujá,2026,28,202628,2026-07-12,13,13,6,7,3,10,0
Dengue,Guarujá,2026,29,202629,2026-07-19,24,22,13,11,6,17,1
Dengue,Guarujá,2026,30,202630,2026-07-26,18,18,6,12,8,9,1
Dengue,Guarujá,2026,31,202631,2026-08-02,28,28,18,10,11,14,3
Dengue,Guarujá,2026,32,202632,2026-08-09,22,21,9,13,2,18,2
Dengue,Guarujá,2026,33,202633,2026-08-16,26,24,16,10,8,16,2
Dengue,Guarujá,2026,34,202634,2026-08-23,18,11,10,8,3,13,2
Dengue,Guarujá,2026,35,202635,2026-08-30,11,3,7,4,3,6,2
Dengue,Praia Grande,2021,1,202101,2021-01-03,3,1,2,1,2,1,0
Dengue,Praia Grande,2021,2,202102,2021-01-10,18,4,10,8,8,10,0
Dengue,Praia Grande,2021,3,202103,2021-01-17,29,12,15,14,15,14,0
Dengue,Praia Grande,2021,4,202104,2021-01-24,45,20,29,16,20,22,3
Dengue,Praia Grande,2021,5,202105,2021-01-31,68,16,48,20,24,44,0
Dengue,Praia Grande,2021,6,202106,2021-02-07,93,30,53,40,41,47,5
Dengue,Praia Grande,2021,7,202107,2021-02-14,141,68,87,54,56,70,15
Dengue,Praia Grande,2021,8,202108,2021-02-21,172,80,96,76,64,94,14
Dengue,Praia Grande,2021,9,202109,2021-02-28,223,90,124,99,68,127,28
Dengue,Praia Grande,2021,10,202110,2021-03-07,220,106,133,87,59,127,34
Dengue,Praia Grande,2021,11,202111,2021-03-14,266,95,176,90,68,156,42
Dengue,Praia Grande,2021,12,202112,2021-03-21,265,127,166,99,52,158,55
Dengue,Praia Grande,2021,13,202113,2021-03-28,298,134,195,103,54,198,46
Dengue,Praia Grande,2021,14,202114,2021-04-04,524,415,310,214,110,341,73
Dengue,Praia Grande,2021,15,202115,2021-04-11,232,193,128,104,62,127,43
Dengue,Praia Grande,2021,16,202116,2021-04-18,152,126,87,65,47,80,25
Dengue,Praia Grande,2021,17,202117,2021-04-25,123,95,75,48,34,71,18
Dengue,Praia Grande,2021,18,202118,2021-05-02,68,53,36,32,25,39,4
Dengue,Praia Grande,2021,19,202119,2021-05-09,62,56,37,25,19,32,11
Dengue,Praia Grande,2021,20,202120,2021-05-16,51,51,29,22,16,24,11
Dengue,Praia Grande,2021,21,202121,2021-05-23,17,7,13,4,3,13,1
Dengue,Praia Grande,2021,22,202122,2021-05-30,16,9,10,6,4,10,2
Dengue,Praia Grande,2021,23,202123,2021-06-06,13,12,9,4,1,10,2
Dengue,Praia Grande,2021,24,202124,2021-06-13,10,6,4,6,2,6,2
Dengue,Praia Grande,2021,25,202125,2021-06-20,4,3,2,2,2,2,0
Dengue,Praia Grande,2021,26,202126,2021-06-27,4,3,3,1,0,3,1
Dengue,Praia Grande,2021,27,202127,2021-07-04,8,0,3,5,3,4,1
Dengue,Praia Grande,2021,28,202128,2021-07-11,10,1,7,3,0,7,3
Dengue,Praia Grande,2021,29,202129,2021-07-18,4,1,3,1,1,3,0
Dengue,Praia Grande,2021,30,202130,2021-07-25,2,1,1,1,1,1,0
Dengue,Praia Grande,2021,31,202131,2021-08-01,1,0,1,0,0,1,0
Dengue,Praia Grande,2021,32,202132,2021-08-08,1,0,1,0,0,1,0
Dengue,Praia Grande,2021,33,202133,2021-08-15,4,0,4,0,0,4,0
Dengue,Praia Grande,2021,34,202134,2021-08-22,2,0,0,2,2,0,0
Dengue,Praia Grande,2021,36,202136,2021-09-05,1,0,0,1,0,1,0
Dengue,Praia Grande,2021,37,202137,2021-09-12,1,0,1,0,1,0,0
Dengue,Praia Grande,2021,38,202138,2021-09-19,2,0,1,1,0,1,1
Dengue,Praia Grande,2021,39,202139,2021-09-26,1,0,0,1,1,0,0
Dengue,Praia Grande,2021,40,202140,2021-10-03,2,0,1,1,1,1,0
Dengue,Praia Grande,2021,42,202142,2021-10-17,2,0,2,0,1,1,0
Dengue,Praia Grande,2021,43,202143,2021-10-24,2,0,1,1,0,2,0
Dengue,Praia Grande,2021,44,202144,2021-10-31,5,0,3,2,1,3,1
Dengue,Praia Grande,2021,45,202145,2021-11-07,2,0,0,2,1,0,1
Dengue,Praia Grande,2021,46,202146,2021-11-14,3,1,2,1,0,2,1
Dengue,Praia Grande,2021,47,202147,2021-11-21,2,0,2,0,0,2,0
Dengue,Praia Grande,2021,48,202148,2021-11-28,1,0,0,1,1,0,0
Dengue,Praia Grande,2021,49,202149,2021-12-05,4,0,4,0,1,3,0
Dengue,Praia Grande,2021,50,202150,2021-12-12,6,0,5,1,2,4,0
Dengue,Praia Grande,2021,51,202151,2021-12-19,4,0,2,2,3,1,0
Dengue,Praia Grande,2022,5,202205,2022-01-30,1,1,1,0,0,1,0
Dengue,Praia Grande,2022,7,202207,2022-02-13,2,2,2,0,2,0,0
Dengue,Praia Grande,2022,9,202209,2022-02-27,1,0,0,1,0,0,1
Dengue,Praia Grande,2022,11,202211,2022-03-13,1,1,1,0,0,1,0
Dengue,Praia Grande,2022,12,202212,2022-03-20,1,1,0,1,1,0,0
Dengue,Praia Grande,2022,15,202215,2022-04-10,2,2,0,2,0,2,0
Dengue,Praia Grande,2022,16,202216,2022-04-17,3,1,2,1,3,0,0
Dengue,Praia Grande,2022,18,202218,2022-05-01,1,1,1,0,0,1,0
Dengue,Praia Grande,2022,19,202219,2022-05-08,3,3,3,0,0,3,0
Dengue,Praia Grande,2022,20,202220,2022-05-15,2,2,0,2,0,2,0
Dengue,Praia Grande,2022,21,202221,2022-05-22,3,2,1,2,1,2,0
Dengue,Praia Grande,2022,22,202222,2022-05-29,1,1,1,0,0,0,1
Dengue,Praia Grande,2022,28,202228,2022-07-10,1,1,0,1,0,1,0
Dengue,Praia Grande,2022,30,202230,2022-07-24,2,2,1,1,0,2,0
Dengue,Praia Grande,2022,31,202231,2022-07-31,1,1,1,0,1,0,0
Dengue,Praia Grande,2022,34,202234,2022-08-21,1,1,1,0,0,1,0
Dengue,Praia Grande,2022,45,202245,2022-11-06,1,0,1,0,0,1,0
Dengue,Praia Grande,2022,46,202246,2022-11-13,2,0,2,0,0,1,1
Dengue,Praia Grande,2022,49,202249,2022-12-04,1,0,1,0,0,1,0
Dengue,Praia Grande,2023,2,202302,2023-01-08,2,1,1,1,0,1,1
Dengue,Praia Grande,2023,4,202304,2023-01-22,1,1,0,1,1,0,0
Dengue,Praia Grande,2023,7,202307,2023-02-12,1,1,1,0,0,1,0
Dengue,Praia Grande,2023,9,202309,2023-02-26,1,0,0,1,0,1,0
Dengue,Praia Grande,2023,10,202310,2023-03-05,2,0,2,0,0,2,0
Dengue,Praia Grande,2023,12,202312,2023-03-19,1,0,1,0,1,0,0
Dengue,Praia Grande,2023,13,202313,2023-03-26,4,2,2,2,1,3,0
Dengue,Praia Grande,2023,15,202315,2023-04-09,1,1,0,1,0,0,1
Dengue,Praia Grande,2023,16,202316,2023-04-16,5,4,2,3,0,4,1
Dengue,Praia Grande,2023,17,202317,2023-04-23,3,3,2,1,1,2,0
Dengue,Praia Grande,2023,19,202319,2023-05-07,4,4,2,2,3,1,0
Dengue,Praia Grande,2023,20,202320,2023-05-14,2,2,2,0,0,2,0
Dengue,Praia Grande,2023,21,202321,2023-05-21,6,5,3,3,2,4,0
Dengue,Praia Grande,2023,22,202322,2023-05-28,1,1,0,1,1,0,0
Dengue,Praia Grande,2023,23,202323,2023-06-04,3,3,2,1,0,3,0
Dengue,Praia Grande,2023,24,202324,2023-06-11,4,4,2,2,2,2,0
Dengue,Praia Grande,2023,25,202325,2023-06-18,4,3,4,0,2,2,0
Dengue,Praia Grande,2023,26,202326,2023-06-25,2,2,1,1,0,2,0
Dengue,Praia Grande,2023,27,202327,2023-07-02,2,2,2,0,0,2,0
Dengue,Praia Grande,2023,29,202329,2023-07-16,4,2,2,2,2,2,0
Dengue,Praia Grande,2023,30,202330,2023-07-23,2,2,2,0,1,1,0
Dengue,Praia Grande,2023,31,202331,2023-07-30,3,2,2,1,1,2,0
Dengue,Praia Grande,2023,32,202332,2023-08-06,3,1,2,1,1,2,0
Dengue,Praia Grande,2023,33,202333,2023-08-13,2,1,2,0,1,1,0
Dengue,Praia Grande,2023,34,202334,2023-08-20,2,2,2,0,1,1,0
Dengue,Praia Grande,2023,36,202336,2023-09-03,1,0,1,0,0,1,0
Dengue,Praia Grande,2023,37,202337,2023-09-10,2,1,1,1,1,1,0
Dengue,Praia Grande,2023,38,202338,2023-09-17,3,1,1,2,1,2,0
Dengue,Praia Grande,2023,40,202340,2023-10-01,3,2,1,2,1,2,0
Dengue,Praia Grande,2023,42,202342,2023-10-15,16,6,6,10,9,7,0
Dengue,Praia Grande,2023,43,202343,2023-10-22,13,10,3,10,6,4,3
Dengue,Praia Grande,2023,44,202344,2023-10-29,9,5,5,4,6,3,0
Dengue,Praia Grande,2023,45,202345,2023-11-05,15,9,6,9,5,9,1
Dengue,Praia Grande,2023,46,202346,2023-11-12,7,4,5,2,3,4,0
Dengue,Praia Grande,2023,47,202347,2023-11-19,4,4,4,0,1,3,0
Dengue,Praia Grande,2023,48,202348,2023-11-26,5,5,4,1,1,4,0
Dengue,Praia Grande,2023,49,202349,2023-12-03,5,4,2,3,1,2,2
Dengue,Praia Grande,2023,50,202350,2023-12-10,7,5,5,2,3,3,1
Dengue,Praia Grande,2023,51,202351,2023-12-17,3,3,1,2,2,1,0
Dengue,Praia Grande,2023,52,202352,2023-12-24,6,5,3,3,2,4,0
Dengue,Praia Grande,2024,1,202401,2024-01-07,1,1,0,1,0,1,0
Dengue,Praia Grande,2024,2,202402,2024-01-14,5,5,2,3,2,3,0
Dengue,Praia Grande,2024,3,202403,2024-01-21,8,6,6,2,2,6,0
Dengue,Praia Grande,2024,4,202404,2024-01-28,14,13,5,9,2,11,1
Dengue,Praia Grande,2024,5,202405,2024-02-04,33,30,22,11,4,26,3
Dengue,Praia Grande,2024,6,202406,2024-02-11,34,21,15,19,5,27,2
Dengue,Praia Grande,2024,7,202407,2024-02-18,55,39,38,17,14,33,8
Dengue,Praia Grande,2024,8,202408,2024-02-25,119,77,68,51,16,81,22
Dengue,Praia Grande,2024,9,202409,2024-03-03,60,52,30,30,14,37,9
Dengue,Praia Grande,2024,10,202410,2024-03-10,50,49,30,20,14,29,7
Dengue,Praia Grande,2024,11,202411,2024-03-17,81,81,48,33,27,38,16
Dengue,Praia Grande,2024,12,202412,2024-03-24,102,100,62,40,35,50,17
Dengue,Praia Grande,2024,13,202413,2024-03-31,111,110,73,38,35,61,15
Dengue,Praia Grande,2024,14,202414,2024-04-07,123,123,81,42,32,76,15
Dengue,Praia Grande,2024,15,202415,2024-04-14,177,176,109,68,49,90,38
Dengue,Praia Grande,2024,16,202416,2024-04-21,130,129,70,60,38,68,24
Dengue,Praia Grande,2024,17,202417,2024-04-28,203,199,132,71,68,101,34
Dengue,Praia Grande,2024,18,202418,2024-05-05,197,190,111,86,55,98,44
Dengue,Praia Grande,2024,19,202419,2024-05-12,200,200,118,82,64,99,37
Dengue,Praia Grande,2024,20,202420,2024-05-19,224,218,122,102,71,109,44
Dengue,Praia Grande,2024,21,202421,2024-05-26,203,190,106,97,73,99,31
Dengue,Praia Grande,2024,22,202422,2024-06-02,130,126,79,51,48,65,17
Dengue,Praia Grande,2024,23,202423,2024-06-09,109,105,54,55,41,53,15
Dengue,Praia Grande,2024,24,202424,2024-06-16,88,87,52,36,39,41,8
Dengue,Praia Grande,2024,25,202425,2024-06-23,71,70,42,29,27,35,9
Dengue,Praia Grande,2024,26,202426,2024-06-30,48,47,25,23,15,24,9
Dengue,Praia Grande,2024,27,202427,2024-07-07,35,35,16,19,10,22,3
Dengue,Praia Grande,2024,28,202428,2024-07-14,23,23,12,11,6,13,4
Dengue,Praia Grande,2024,29,202429,2024-07-21,15,15,6,9,8,5,2
Dengue,Praia Grande,2024,30,202430,2024-07-28,8,8,4,4,2,4,2
Dengue,Praia Grande,2024,31,202431,2024-08-04,6,6,5,1,2,3,1
Dengue,Praia Grande,2024,32,202432,2024-08-11,3,3,1,2,1,2,0
Dengue,Praia Grande,2024,33,202433,2024-08-18,2,2,2,0,1,1,0
Dengue,Praia Grande,2024,34,202434,2024-08-25,1,1,1,0,1,0,0
Dengue,Praia Grande,2024,35,202435,2024-09-01,1,1,1,0,0,1,0
Dengue,Praia Grande,2024,36,202436,2024-09-08,1,1,0,1,0,1,0
Dengue,Praia Grande,2024,41,202441,2024-10-13,2,2,0,2,1,1,0
Dengue,Praia Grande,2024,44,202444,2024-11-03,1,1,0,1,1,0,0
Dengue,Praia Grande,2024,45,202445,2024-11-10,1,1,1,0,1,0,0
Dengue,Praia Grande,2024,47,202447,2024-11-24,1,1,0,1,0,1,0
Dengue,Praia Grande,2024,48,202448,2024-12-01,2,2,2,0,0,2,0
Dengue,Praia Grande,2024,49,202449,2024-12-08,3,3,2,1,2,1,0
Dengue,Praia Grande,2024,51,202451,2024-12-22,2,2,2,0,0,2,0
Dengue,Praia Grande,2025,1,202501,2025-01-05,1,0,1,0,0,1,0
Dengue,Praia Grande,2025,2,202502,2025-01-12,7,5,3,4,0,6,1
Dengue,Praia Grande,2025,3,202503,2025-01-19,7,5,6,1,1,5,1
Dengue,Praia Grande,2025,4,202504,2025-01-26,2,1,0,2,0,1,1
Dengue,Praia Grande,2025,5,202505,2025-02-02,10,10,4,6,2,8,0
Dengue,Praia Grande,2025,6,202506,2025-02-09,14,14,7,7,2,11,1
Dengue,Praia Grande,2025,7,202507,2025-02-16,21,21,13,8,3,16,2
Dengue,Praia Grande,2025,8,202508,2025-02-23,27,26,14,13,4,15,8
Dengue,Praia Grande,2025,9,202509,2025-03-02,57,55,31,26,18,32,7
Dengue,Praia Grande,2025,10,202510,2025-03-09,62,62,36,26,14,40,8
Dengue,Praia Grande,2025,11,202511,2025-03-16,59,59,37,22,12,40,7
Dengue,Praia Grande,2025,12,202512,2025-03-23,92,92,51,41,20,53,19
Dengue,Praia Grande,2025,13,202513,2025-03-30,114,114,55,59,40,63,11
Dengue,Praia Grande,2025,14,202514,2025-04-06,57,57,30,27,18,32,7
Dengue,Praia Grande,2025,15,202515,2025-04-13,98,96,54,44,20,56,22
Dengue,Praia Grande,2025,16,202516,2025-04-20,78,78,45,33,19,47,12
Dengue,Praia Grande,2025,17,202517,2025-04-27,79,78,40,39,18,48,13
Dengue,Praia Grande,2025,18,202518,2025-05-04,82,80,36,46,34,38,10
Dengue,Praia Grande,2025,19,202519,2025-05-11,75,74,38,37,25,33,17
Dengue,Praia Grande,2025,20,202520,2025-05-18,34,34,17,17,8,22,4
Dengue,Praia Grande,2025,21,202521,2025-05-25,65,63,36,29,24,30,11
Dengue,Praia Grande,2025,22,202522,2025-06-01,78,78,37,41,27,41,10
Dengue,Praia Grande,2025,23,202523,2025-06-08,47,47,20,27,16,31,0
Dengue,Praia Grande,2025,24,202524,2025-06-15,43,42,20,23,16,23,4
Dengue,Praia Grande,2025,25,202525,2025-06-22,18,17,11,7,5,12,1
Dengue,Praia Grande,2025,26,202526,2025-06-29,15,15,6,9,9,6,0
Dengue,Praia Grande,2025,27,202527,2025-07-06,14,14,9,5,5,7,2
Dengue,Praia Grande,2025,28,202528,2025-07-13,7,6,5,2,3,3,1
Dengue,Praia Grande,2025,29,202529,2025-07-20,3,2,3,0,0,3,0
Dengue,Praia Grande,2025,30,202530,2025-07-27,6,6,3,3,2,2,2
Dengue,Praia Grande,2025,31,202531,2025-08-03,4,4,3,1,0,4,0
Dengue,Praia Grande,2025,32,202532,2025-08-10,5,5,4,1,3,2,0
Dengue,Praia Grande,2025,33,202533,2025-08-17,4,3,3,1,0,4,0
Dengue,Praia Grande,2025,34,202534,2025-08-24,2,2,2,0,0,2,0
Dengue,Praia Grande,2025,36,202536,2025-09-07,1,1,0,1,0,1,0
Dengue,Praia Grande,2025,38,202538,2025-09-21,2,1,2,0,2,0,0
Dengue,Praia Grande,2025,39,202539,2025-09-28,1,1,1,0,0,1,0
Dengue,Praia Grande,2025,40,202540,2025-10-05,3,3,1,2,2,0,1
Dengue,Praia Grande,2025,41,202541,2025-10-12,3,3,3,0,0,3,0
Dengue,Praia Grande,2025,42,202542,2025-10-19,1,1,1,0,0,1,0
Dengue,Praia Grande,2025,45,202545,2025-11-09,4,4,3,1,3,1,0
Dengue,Praia Grande,2025,46,202546,2025-11-16,1,1,0,1,1,0,0
Dengue,Praia Grande,2025,47,202547,2025-11-23,2,2,2,0,1,0,1
Dengue,Praia Grande,2025,48,202548,2025-11-30,3,3,2,1,0,3,0
Dengue,Praia Grande,2025,49,202549,2025-12-07,1,1,0,1,1,0,0
Dengue,Praia Grande,2025,51,202551,2025-12-21,2,2,2,0,0,1,1
Dengue,Praia Grande,2026,2,202602,2026-01-11,3,3,2,1,1,1,1
Dengue,Praia Grande,2026,3,202603,2026-01-18,2,2,1,1,0,1,1
Dengue,Praia Grande,2026,4,202604,2026-01-25,1,1,1,0,1,0,0
Dengue,Praia Grande,2026,5,202605,2026-02-01,5,5,3,2,1,4,0
Dengue,Praia Grande,2026,6,202606,2026-02-08,6,5,2,4,0,5,1
Dengue,Praia Grande,2026,7,202607,2026-02-15,8,8,1,7,2,5,1
Dengue,Praia Grande,2026,8,202608,2026-02-22,9,9,6,3,2,7,0
Dengue,Praia Grande,2026,9,202609,2026-03-01,7,6,3,4,1,6,0
Dengue,Praia Grande,2026,10,202610,2026-03-08,7,6,5,2,1,5,1
Dengue,Praia Grande,2026,11,202611,2026-03-15,8,8,5,3,2,6,0
Dengue,Praia Grande,2026,12,202612,2026-03-22,7,7,4,3,4,3,0
Dengue,Praia Grande,2026,13,202613,2026-03-29,5,5,2,3,0,5,0
Dengue,Praia Grande,2026,14,202614,2026-04-05,4,4,1,3,1,2,1
Dengue,Praia Grande,2026,15,202615,2026-04-12,5,4,0,5,1,4,0
Dengue,Praia Grande,2026,16,202616,2026-04-19,6,6,5,1,1,4,1
Dengue,Praia Grande,2026,17,202617,2026-04-26,8,8,5,3,2,4,2
Dengue,Praia Grande,2026,18,202618,2026-05-03,4,4,3,1,3,1,0
Dengue,Praia Grande,2026,20,202620,2026-05-17,3,3,2,1,1,2,0
Dengue,Praia Grande,2026,21,202621,2026-05-24,3,3,1,2,0,2,1
Dengue,Praia Grande,2026,22,202622,2026-05-31,5,5,2,3,2,3,0
Dengue,Praia Grande,2026,23,202623,2026-06-07,3,3,1,2,1,1,1
Dengue,Praia Grande,2026,24,202624,2026-06-14,1,0,0,1,1,0,0
Dengue,Praia Grande,2026,25,202625,2026-06-21,1,1,0,1,0,1,0
Dengue,Praia Grande,2026,28,202628,2026-07-12,3,2,2,1,0,2,1
Dengue,Praia Grande,2026,30,202630,2026-07-26,4,4,2,2,0,4,0
Dengue,Praia Grande,2026,31,202631,2026-08-02,2,0,0,2,0,1,1
Dengue,Praia Grande,2026,33,202633,2026-08-16,2,2,1,1,0,2,0
Dengue,Santos,2021,1,202101,2021-01-03,10,2,9,1,5,3,2
Dengue,Santos,2021,2,202102,2021-01-10,41,15,22,19,22,17,2
Dengue,Santos,2021,3,202103,2021-01-17,83,23,45,38,40,39,4
Dengue,Santos,2021,4,202104,2021-01-24,79,30,38,41,40,32,7
Dengue,Santos,2021,5,202105,2021-01-31,189,53,101,88,81,85,23
Dengue,Santos,2021,6,202106,2021-02-07,262,57,155,107,68,156,38
Dengue,Santos,2021,7,202107,2021-02-14,634,175,351,282,190,339,105
Dengue,Santos,2021,8,202108,2021-02-21,642,194,343,298,175,354,113
Dengue,Santos,2021,9,202109,2021-02-28,956,255,542,414,262,535,159
Dengue,Santos,2021,10,202110,2021-03-07,1284,347,731,553,346,724,214
Dengue,Santos,2021,11,202111,2021-03-14,1606,459,893,713,398,956,252
Dengue,Santos,2021,12,202112,2021-03-21,1680,481,903,777,399,1005,276
Dengue,Santos,2021,13,202113,2021-03-28,1511,420,820,689,355,898,258
Dengue,Santos,2021,14,202114,2021-04-04,1564,400,869,695,330,956,278
Dengue,Santos,2021,15,202115,2021-04-11,1409,448,810,599,363,795,251
Dengue,Santos,2021,16,202116,2021-04-18,1226,403,694,532,301,708,217
Dengue,Santos,2021,17,202117,2021-04-25,1053,361,568,485,280,580,193
Dengue,Santos,2021,18,202118,2021-05-02,755,255,426,329,180,469,106
Dengue,Santos,2021,19,202119,2021-05-09,515,149,287,228,121,297,97
Dengue,Santos,2021,20,202120,2021-05-16,645,148,379,266,137,378,130
Dengue,Santos,2021,21,202121,2021-05-23,401,109,231,170,123,217,61
Dengue,Santos,2021,22,202122,2021-05-30,288,93,161,125,101,151,36
Dengue,Santos,2021,23,202123,2021-06-06,247,73,144,103,83,130,34
Dengue,Santos,2021,24,202124,2021-06-13,207,42,125,82,57,119,31
Dengue,Santos,2021,25,202125,2021-06-20,138,34,82,56,41,80,17
Dengue,Santos,2021,26,202126,2021-06-27,149,37,76,73,41,82,26
Dengue,Santos,2021,27,202127,2021-07-04,89,22,53,36,19,54,16
Dengue,Santos,2021,28,202128,2021-07-11,108,21,56,52,30,61,17
Dengue,Santos,2021,29,202129,2021-07-18,81,16,46,35,20,51,10
Dengue,Santos,2021,30,202130,2021-07-25,60,7,33,27,15,40,5
Dengue,Santos,2021,31,202131,2021-08-01,50,11,30,20,11,33,6
Dengue,Santos,2021,32,202132,2021-08-08,48,11,31,17,15,29,4
Dengue,Santos,2021,33,202133,2021-08-15,51,8,32,19,17,29,5
Dengue,Santos,2021,34,202134,2021-08-22,71,14,42,29,21,38,12
Dengue,Santos,2021,35,202135,2021-08-29,37,6,25,12,9,22,6
Dengue,Santos,2021,36,202136,2021-09-05,44,11,27,17,14,28,2
Dengue,Santos,2021,37,202137,2021-09-12,46,8,25,21,13,26,7
Dengue,Santos,2021,38,202138,2021-09-19,46,8,27,19,16,22,8
Dengue,Santos,2021,39,202139,2021-09-26,46,15,26,20,15,26,5
Dengue,Santos,2021,40,202140,2021-10-03,48,9,25,23,17,24,7
Dengue,Santos,2021,41,202141,2021-10-10,35,6,18,17,14,19,2
Dengue,Santos,2021,42,202142,2021-10-17,41,9,22,19,11,27,3
Dengue,Santos,2021,43,202143,2021-10-24,46,13,25,21,20,18,8
Dengue,Santos,2021,44,202144,2021-10-31,34,8,17,17,10,20,4
Dengue,Santos,2021,45,202145,2021-11-07,30,4,14,16,8,19,3
Dengue,Santos,2021,46,202146,2021-11-14,28,3,15,13,4,18,6
Dengue,Santos,2021,47,202147,2021-11-21,27,2,16,11,8,16,3
Dengue,Santos,2021,48,202148,2021-11-28,37,6,22,15,14,17,6
Dengue,Santos,2021,49,202149,2021-12-05,44,8,24,20,13,25,6
Dengue,Santos,2021,50,202150,2021-12-12,52,9,23,29,22,22,8
Dengue,Santos,2021,51,202151,2021-12-19,28,4,16,12,9,13,6
Dengue,Santos,2021,52,202152,2021-12-26,28,2,18,10,4,17,7
Dengue,Santos,2022,1,202201,2022-01-02,6,5,2,4,4,2,0
Dengue,Santos,2022,2,202202,2022-01-09,8,3,2,6,3,5,0
Dengue,Santos,2022,3,202203,2022-01-16,8,6,6,2,2,5,1
Dengue,Santos,2022,4,202204,2022-01-23,15,4,6,9,10,5,0
Dengue,Santos,2022,5,202205,2022-01-30,5,3,3,2,3,2,0
Dengue,Santos,2022,6,202206,2022-02-06,6,5,2,4,2,3,1
Dengue,Santos,2022,7,202207,2022-02-13,2,1,1,1,0,2,0
Dengue,Santos,2022,8,202208,2022-02-20,13,11,9,4,8,3,2
Dengue,Santos,2022,9,202209,2022-02-27,15,12,7,8,8,6,1
Dengue,Santos,2022,10,202210,2022-03-06,14,9,8,6,8,6,0
Dengue,Santos,2022,11,202211,2022-03-13,15,7,6,9,7,8,0
Dengue,Santos,2022,12,202212,2022-03-20,9,8,5,4,2,4,3
Dengue,Santos,2022,13,202213,2022-03-27,16,15,7,9,7,5,4
Dengue,Santos,2022,14,202214,2022-04-03,7,3,5,2,1,6,0
Dengue,Santos,2022,15,202215,2022-04-10,18,11,8,10,2,16,0
Dengue,Santos,2022,16,202216,2022-04-17,16,10,12,4,6,10,0
Dengue,Santos,2022,17,202217,2022-04-24,19,17,9,10,4,12,3
Dengue,Santos,2022,18,202218,2022-05-01,35,23,20,15,15,18,2
Dengue,Santos,2022,19,202219,2022-05-08,38,29,24,14,20,15,3
Dengue,Santos,2022,20,202220,2022-05-15,30,19,18,12,14,15,1
Dengue,Santos,2022,21,202221,2022-05-22,36,21,17,19,14,21,1
Dengue,Santos,2022,22,202222,2022-05-29,22,14,14,8,11,8,3
Dengue,Santos,2022,23,202223,2022-06-05,19,16,11,8,9,8,2
Dengue,Santos,2022,24,202224,2022-06-12,13,9,5,8,4,9,0
Dengue,Santos,2022,25,202225,2022-06-19,20,10,12,8,9,10,1
Dengue,Santos,2022,26,202226,2022-06-26,18,12,8,10,13,4,1
Dengue,Santos,2022,27,202227,2022-07-03,40,28,24,16,18,20,2
Dengue,Santos,2022,28,202228,2022-07-10,14,8,11,3,6,6,2
Dengue,Santos,2022,29,202229,2022-07-17,15,11,7,8,4,11,0
Dengue,Santos,2022,30,202230,2022-07-24,13,8,8,5,5,8,0
Dengue,Santos,2022,31,202231,2022-07-31,17,5,8,9,12,4,1
Dengue,Santos,2022,32,202232,2022-08-07,9,7,4,5,6,3,0
Dengue,Santos,2022,33,202233,2022-08-14,13,9,6,7,5,7,1
Dengue,Santos,2022,34,202234,2022-08-21,17,7,9,8,12,5,0
Dengue,Santos,2022,35,202235,2022-08-28,2,2,1,1,1,1,0
Dengue,Santos,2022,36,202236,2022-09-04,10,8,6,4,6,4,0
Dengue,Santos,2022,37,202237,2022-09-11,9,5,2,7,7,2,0
Dengue,Santos,2022,38,202238,2022-09-18,12,8,5,7,8,3,1
Dengue,Santos,2022,39,202239,2022-09-25,13,6,8,5,5,8,0
Dengue,Santos,2022,40,202240,2022-10-02,6,1,3,3,3,3,0
Dengue,Santos,2022,41,202241,2022-10-09,7,5,3,4,3,4,0
Dengue,Santos,2022,42,202242,2022-10-16,13,9,7,6,5,6,2
Dengue,Santos,2022,43,202243,2022-10-23,21,13,15,6,14,7,0
Dengue,Santos,2022,44,202244,2022-10-30,15,9,9,6,10,4,1
Dengue,Santos,2022,45,202245,2022-11-06,12,7,8,4,5,4,3
Dengue,Santos,2022,46,202246,2022-11-13,26,18,16,10,12,13,1
Dengue,Santos,2022,47,202247,2022-11-20,16,14,10,6,4,12,0
Dengue,Santos,2022,48,202248,2022-11-27,20,9,9,11,10,8,2
Dengue,Santos,2022,49,202249,2022-12-04,16,6,8,8,6,9,1
Dengue,Santos,2022,50,202250,2022-12-11,12,5,7,5,6,5,1
Dengue,Santos,2022,51,202251,2022-12-18,5,3,4,1,2,3,0
Dengue,Santos,2022,52,202252,2022-12-25,14,6,7,7,5,8,1
Dengue,Santos,2023,1,202301,2023-01-01,1,1,0,1,1,0,0
Dengue,Santos,2023,2,202302,2023-01-08,4,3,3,1,3,1,0
Dengue,Santos,2023,3,202303,2023-01-15,7,7,3,4,1,6,0
Dengue,Santos,2023,4,202304,2023-01-22,5,5,3,2,1,4,0
Dengue,Santos,2023,5,202305,2023-01-29,10,8,3,7,5,4,1
Dengue,Santos,2023,6,202306,2023-02-05,15,13,6,9,5,10,0
Dengue,Santos,2023,7,202307,2023-02-12,16,12,8,8,3,11,2
Dengue,Santos,2023,8,202308,2023-02-19,6,5,3,3,2,4,0
Dengue,Santos,2023,9,202309,2023-02-26,8,7,4,4,3,5,0
Dengue,Santos,2023,10,202310,2023-03-05,18,15,9,9,2,12,4
Dengue,Santos,2023,11,202311,2023-03-12,21,14,9,12,10,10,1
Dengue,Santos,2023,12,202312,2023-03-19,25,19,17,7,9,14,2
Dengue,Santos,2023,13,202313,2023-03-26,17,14,10,7,9,8,0
Dengue,Santos,2023,14,202314,2023-04-02,15,10,7,8,5,8,2
Dengue,Santos,2023,15,202315,2023-04-09,20,18,15,5,11,8,1
Dengue,Santos,2023,16,202316,2023-04-16,28,21,15,13,14,11,3
Dengue,Santos,2023,17,202317,2023-04-23,17,13,11,6,5,7,5
Dengue,Santos,2023,18,202318,2023-04-30,20,16,11,9,6,8,6
Dengue,Santos,2023,19,202319,2023-05-07,32,21,15,17,20,12,0
Dengue,Santos,2023,20,202320,2023-05-14,32,23,14,18,10,20,2
Dengue,Santos,2023,21,202321,2023-05-21,42,31,20,22,16,21,5
Dengue,Santos,2023,22,202322,2023-05-28,11,8,7,4,3,8,0
Dengue,Santos,2023,23,202323,2023-06-04,18,15,11,7,8,10,0
Dengue,Santos,2023,24,202324,2023-06-11,32,19,13,19,13,16,3
Dengue,Santos,2023,25,202325,2023-06-18,25,18,14,11,11,11,3
Dengue,Santos,2023,26,202326,2023-06-25,13,10,4,9,6,6,1
Dengue,Santos,2023,27,202327,2023-07-02,16,15,7,9,5,9,2
Dengue,Santos,2023,28,202328,2023-07-09,9,7,6,3,1,6,2
Dengue,Santos,2023,29,202329,2023-07-16,12,9,6,6,6,5,1
Dengue,Santos,2023,30,202330,2023-07-23,13,10,7,6,3,10,0
Dengue,Santos,2023,31,202331,2023-07-30,9,9,1,8,2,7,0
Dengue,Santos,2023,32,202332,2023-08-06,32,31,16,16,9,21,2
Dengue,Santos,2023,33,202333,2023-08-13,23,18,7,16,10,11,2
Dengue,Santos,2023,34,202334,2023-08-20,24,20,17,7,10,13,1
Dengue,Santos,2023,35,202335,2023-08-27,7,6,4,3,3,3,1
Dengue,Santos,2023,36,202336,2023-09-03,21,18,8,13,12,8,1
Dengue,Santos,2023,37,202337,2023-09-10,29,27,10,19,7,22,0
Dengue,Santos,2023,38,202338,2023-09-17,23,21,10,13,14,8,1
Dengue,Santos,2023,39,202339,2023-09-24,18,18,11,7,8,7,3
Dengue,Santos,2023,40,202340,2023-10-01,43,38,27,16,15,24,4
Dengue,Santos,2023,41,202341,2023-10-08,38,34,14,24,19,17,2
Dengue,Santos,2023,42,202342,2023-10-15,43,39,29,14,19,17,7
Dengue,Santos,2023,43,202343,2023-10-22,38,34,22,16,18,17,3
Dengue,Santos,2023,44,202344,2023-10-29,14,11,5,9,3,9,2
Dengue,Santos,2023,45,202345,2023-11-05,54,50,23,31,27,25,2
Dengue,Santos,2023,46,202346,2023-11-12,33,28,21,12,16,11,6
Dengue,Santos,2023,47,202347,2023-11-19,34,29,14,20,13,15,6
Dengue,Santos,2023,48,202348,2023-11-26,30,22,16,14,17,13,0
Dengue,Santos,2023,49,202349,2023-12-03,43,37,25,18,24,13,6
Dengue,Santos,2023,50,202350,2023-12-10,38,29,23,15,23,15,0
Dengue,Santos,2023,51,202351,2023-12-17,38,29,21,17,13,24,1
Dengue,Santos,2023,52,202352,2023-12-24,38,31,21,17,19,16,3
Dengue,Santos,2024,1,202401,2024-01-07,13,13,6,7,4,9,0
Dengue,Santos,2024,2,202402,2024-01-14,35,35,18,17,17,13,5
Dengue,Santos,2024,3,202403,2024-01-21,37,36,19,18,15,20,2
Dengue,Santos,2024,4,202404,2024-01-28,42,41,16,26,21,18,3
Dengue,Santos,2024,5,202405,2024-02-04,67,64,44,23,22,35,10
Dengue,Santos,2024,6,202406,2024-02-11,97,94,53,44,17,73,7
Dengue,Santos,2024,7,202407,2024-02-18,98,97,44,54,29,58,11
Dengue,Santos,2024,8,202408,2024-02-25,222,193,121,101,83,116,23
Dengue,Santos,2024,9,202409,2024-03-03,250,236,160,90,85,137,28
Dengue,Santos,2024,10,202410,2024-03-10,202,183,115,87,83,106,13
Dengue,Santos,2024,11,202411,2024-03-17,246,235,148,97,94,132,20
Dengue,Santos,2024,12,202412,2024-03-24,217,201,120,97,91,101,25
Dengue,Santos,2024,13,202413,2024-03-31,228,214,123,105,76,128,24
Dengue,Santos,2024,14,202414,2024-04-07,372,338,190,182,138,202,32
Dengue,Santos,2024,15,202415,2024-04-14,295,273,173,122,126,135,34
Dengue,Santos,2024,16,202416,2024-04-21,296,266,147,149,138,132,26
Dengue,Santos,2024,17,202417,2024-04-28,323,293,173,149,150,135,38
Dengue,Santos,2024,18,202418,2024-05-05,293,272,166,127,122,143,28
Dengue,Santos,2024,19,202419,2024-05-12,307,295,163,144,115,153,39
Dengue,Santos,2024,20,202420,2024-05-19,281,261,139,142,111,137,33
Dengue,Santos,2024,21,202421,2024-05-26,315,305,160,155,104,168,43
Dengue,Santos,2024,22,202422,2024-06-02,120,110,69,51,38,63,19
Dengue,Santos,2024,23,202423,2024-06-09,344,336,176,166,121,179,44
Dengue,Santos,2024,24,202424,2024-06-16,326,318,156,170,125,165,36
Dengue,Santos,2024,25,202425,2024-06-23,189,182,108,81,74,105,10
Dengue,Santos,2024,26,202426,2024-06-30,467,344,247,220,225,211,31
Dengue,Santos,2024,27,202427,2024-07-07,97,90,52,45,50,36,11
Dengue,Santos,2024,28,202428,2024-07-14,126,119,74,52,52,60,14
Dengue,Santos,2024,29,202429,2024-07-21,112,102,64,48,48,51,13
Dengue,Santos,2024,30,202430,2024-07-28,92,86,41,51,33,51,8
Dengue,Santos,2024,31,202431,2024-08-04,66,65,31,35,21,36,9
Dengue,Santos,2024,32,202432,2024-08-11,46,39,28,18,29,16,1
Dengue,Santos,2024,33,202433,2024-08-18,29,17,10,19,20,7,2
Dengue,Santos,2024,34,202434,2024-08-25,38,24,18,20,21,15,2
Dengue,Santos,2024,35,202435,2024-09-01,26,17,13,13,18,7,1
Dengue,Santos,2024,36,202436,2024-09-08,45,32,21,24,26,12,7
Dengue,Santos,2024,37,202437,2024-09-15,78,68,40,38,37,32,9
Dengue,Santos,2024,38,202438,2024-09-22,56,41,28,28,25,26,5
Dengue,Santos,2024,39,202439,2024-09-29,45,34,24,21,29,15,1
Dengue,Santos,2024,40,202440,2024-10-06,29,27,13,16,26,3,0
Dengue,Santos,2024,41,202441,2024-10-13,35,32,20,15,27,8,0
Dengue,Santos,2024,42,202442,2024-10-20,39,34,19,20,24,14,1
Dengue,Santos,2024,43,202443,2024-10-27,37,31,23,14,24,13,0
Dengue,Santos,2024,44,202444,2024-11-03,82,67,41,41,44,34,4
Dengue,Santos,2024,45,202445,2024-11-10,25,19,10,15,20,5,0
Dengue,Santos,2024,46,202446,2024-11-17,37,27,16,21,26,10,1
Dengue,Santos,2024,47,202447,2024-11-24,16,15,7,9,10,6,0
Dengue,Santos,2024,48,202448,2024-12-01,61,48,32,29,40,19,2
Dengue,Santos,2024,49,202449,2024-12-08,35,26,18,17,22,11,2
Dengue,Santos,2024,50,202450,2024-12-15,29,21,14,15,17,10,2
Dengue,Santos,2024,51,202451,2024-12-22,29,22,18,11,21,8,0
Dengue,Santos,2024,52,202452,2024-12-29,30,23,20,10,18,10,2
Dengue,Santos,2025,1,202501,2025-01-05,22,21,14,8,11,10,1
Dengue,Santos,2025,2,202502,2025-01-12,17,16,9,8,7,10,0
Dengue,Santos,2025,3,202503,2025-01-19,23,23,9,14,9,13,1
Dengue,Santos,2025,4,202504,2025-01-26,17,16,10,7,6,9,2
Dengue,Santos,2025,5,202505,2025-02-02,14,14,7,7,5,6,3
Dengue,Santos,2025,6,202506,2025-02-09,31,26,13,18,14,16,1
Dengue,Santos,2025,7,202507,2025-02-16,37,33,20,17,7,27,3
Dengue,Santos,2025,8,202508,2025-02-23,46,43,25,21,25,17,4
Dengue,Santos,2025,9,202509,2025-03-02,108,98,65,43,52,48,8
Dengue,Santos,2025,10,202510,2025-03-09,63,58,38,25,27,31,5
Dengue,Santos,2025,11,202511,2025-03-16,134,116,81,53,41,78,15
Dengue,Santos,2025,12,202512,2025-03-23,164,148,100,64,57,90,17
Dengue,Santos,2025,13,202513,2025-03-30,191,182,109,82,63,106,22
Dengue,Santos,2025,14,202514,2025-04-06,159,153,77,82,49,95,15
Dengue,Santos,2025,15,202515,2025-04-13,261,248,147,114,77,155,29
Dengue,Santos,2025,16,202516,2025-04-20,217,213,126,91,60,120,37
Dengue,Santos,2025,17,202517,2025-04-27,245,244,126,119,61,144,40
Dengue,Santos,2025,18,202518,2025-05-04,212,210,110,102,62,127,23
Dengue,Santos,2025,19,202519,2025-05-11,375,375,187,188,112,199,64
Dengue,Santos,2025,20,202520,2025-05-18,378,373,198,180,104,204,70
Dengue,Santos,2025,21,202521,2025-05-25,296,295,162,134,84,176,36
Dengue,Santos,2025,22,202522,2025-06-01,279,273,156,123,69,166,44
Dengue,Santos,2025,23,202523,2025-06-08,331,327,171,160,90,203,38
Dengue,Santos,2025,24,202524,2025-06-15,276,274,141,135,78,161,37
Dengue,Santos,2025,25,202525,2025-06-22,98,98,47,51,25,59,14
Dengue,Santos,2025,26,202526,2025-06-29,251,233,114,137,108,124,19
Dengue,Santos,2025,27,202527,2025-07-06,201,169,97,104,74,109,18
Dengue,Santos,2025,28,202528,2025-07-13,182,177,94,88,55,109,18
Dengue,Santos,2025,29,202529,2025-07-20,231,218,117,114,97,113,21
Dengue,Santos,2025,30,202530,2025-07-27,184,152,98,86,74,95,15
Dengue,Santos,2025,31,202531,2025-08-03,104,87,63,41,34,57,13
Dengue,Santos,2025,32,202532,2025-08-10,133,110,68,65,35,82,16
Dengue,Santos,2025,33,202533,2025-08-17,118,90,65,53,51,61,6
Dengue,Santos,2025,34,202534,2025-08-24,48,36,27,21,17,25,6
Dengue,Santos,2025,35,202535,2025-08-31,27,24,12,15,7,20,0
Dengue,Santos,2025,36,202536,2025-09-07,27,27,13,14,13,13,1
Dengue,Santos,2025,37,202537,2025-09-14,33,27,15,18,13,17,3
Dengue,Santos,2025,38,202538,2025-09-21,49,41,27,22,24,23,2
Dengue,Santos,2025,39,202539,2025-09-28,38,38,23,15,14,20,4
Dengue,Santos,2025,40,202540,2025-10-05,18,15,15,3,8,9,1
Dengue,Santos,2025,41,202541,2025-10-12,40,36,22,18,20,20,0
Dengue,Santos,2025,42,202542,2025-10-19,31,29,19,12,13,17,1
Dengue,Santos,2025,43,202543,2025-10-26,45,44,23,22,24,19,2
Dengue,Santos,2025,44,202544,2025-11-02,35,31,13,22,17,17,1
Dengue,Santos,2025,45,202545,2025-11-09,37,32,21,16,18,18,1
Dengue,Santos,2025,46,202546,2025-11-16,37,31,21,16,20,15,2
Dengue,Santos,2025,47,202547,2025-11-23,15,12,9,6,6,7,2
Dengue,Santos,2025,48,202548,2025-11-30,34,32,11,23,22,12,0
Dengue,Santos,2025,49,202549,2025-12-07,32,29,21,11,17,14,1
Dengue,Santos,2025,50,202550,2025-12-14,55,47,31,24,32,23,0
Dengue,Santos,2025,51,202551,2025-12-21,32,29,19,13,13,18,1
Dengue,Santos,2025,52,202552,2025-12-28,15,12,6,9,10,5,0
Dengue,Santos,2025,53,202553,2026-01-04,8,7,7,1,6,1,1
Dengue,Santos,2026,1,202601,2026-01-04,3,2,2,1,1,2,0
Dengue,Santos,2026,2,202602,2026-01-11,20,19,9,11,9,11,0
Dengue,Santos,2026,3,202603,2026-01-18,23,21,10,13,9,11,3
Dengue,Santos,2026,4,202604,2026-01-25,11,9,5,6,8,3,0
Dengue,Santos,2026,5,202605,2026-02-01,22,22,12,10,4,17,1
Dengue,Santos,2026,6,202606,2026-02-08,24,22,10,14,8,15,1
Dengue,Santos,2026,7,202607,2026-02-15,18,16,12,6,6,11,1
Dengue,Santos,2026,8,202608,2026-02-22,26,18,13,13,11,13,2
Dengue,Santos,2026,9,202609,2026-03-01,40,39,20,20,8,27,5
Dengue,Santos,2026,10,202610,2026-03-08,44,37,21,23,20,22,2
Dengue,Santos,2026,11,202611,2026-03-15,40,33,20,20,16,22,2
Dengue,Santos,2026,12,202612,2026-03-22,47,34,27,20,16,29,2
Dengue,Santos,2026,13,202613,2026-03-29,38,26,21,17,17,20,1
Dengue,Santos,2026,14,202614,2026-04-05,68,55,38,30,31,33,4
Dengue,Santos,2026,15,202615,2026-04-12,46,33,25,21,18,26,2
Dengue,Santos,2026,16,202616,2026-04-19,44,32,28,16,21,22,1
Dengue,Santos,2026,17,202617,2026-04-26,32,25,20,12,19,11,2
Dengue,Santos,2026,18,202618,2026-05-03,39,32,26,13,12,21,6
Dengue,Santos,2026,19,202619,2026-05-10,19,12,8,11,9,8,2
Dengue,Santos,2026,20,202620,2026-05-17,16,11,6,10,9,7,0
Dengue,Santos,2026,21,202621,2026-05-24,14,12,10,4,4,10,0
Dengue,Santos,2026,22,202622,2026-05-31,21,16,9,12,14,7,0
Dengue,Santos,2026,23,202623,2026-06-07,44,35,29,15,24,18,2
Dengue,Santos,2026,24,202624,2026-06-14,22,18,11,11,9,12,1
Dengue,Santos,2026,25,202625,2026-06-21,21,13,8,13,7,12,2
Dengue,Santos,2026,26,202626,2026-06-28,17,10,10,7,11,6,0
Dengue,Santos,2026,27,202627,2026-07-05,11,6,4,7,4,6,1
Dengue,Santos,2026,28,202628,2026-07-12,17,13,5,11,6,11,0
Dengue,Santos,2026,29,202629,2026-07-19,8,4,3,5,3,4,1
Dengue,Santos,2026,30,202630,2026-07-26,17,10,9,8,6,11,0
Dengue,Santos,2026,31,202631,2026-08-02,20,14,10,10,3,15,2
Dengue,Santos,2026,32,202632,2026-08-09,25,10,9,16,12,13,0
Dengue,Santos,2026,33,202633,2026-08-16,8,4,4,4,6,1,1
Dengue,Santos,2026,34,202634,2026-08-23,25,13,12,13,8,16,1
Dengue,Santos,2026,35,202635,2026-08-30,5,4,5,0,2,2,1
Dengue,São Vicente,2021,1,202101,2021-01-03,8,5,4,4,3,4,1
Dengue,São Vicente,2021,2,202102,2021-01-10,31,9,18,13,8,23,0
Dengue,São Vicente,2021,3,202103,2021-01-17,45,18,27,18,14,29,2
Dengue,São Vicente,2021,4,202104,2021-01-24,94,30,62,32,24,61,9
Dengue,São Vicente,2021,5,202105,2021-01-31,160,79,99,61,37,114,9
Dengue,São Vicente,2021,6,202106,2021-02-07,222,160,142,80,47,150,25
Dengue,São Vicente,2021,7,202107,2021-02-14,270,202,146,124,78,160,32
Dengue,São Vicente,2021,8,202108,2021-02-21,303,242,180,123,78,197,28
Dengue,São Vicente,2021,9,202109,2021-02-28,315,228,185,129,84,186,45
Dengue,São Vicente,2021,10,202110,2021-03-07,314,204,193,121,64,202,48
Dengue,São Vicente,2021,11,202111,2021-03-14,220,112,138,82,24,142,54
Dengue,São Vicente,2021,12,202112,2021-03-21,159,133,107,52,22,103,34
Dengue,São Vicente,2021,13,202113,2021-03-28,92,84,60,32,16,56,20
Dengue,São Vicente,2021,14,202114,2021-04-04,61,51,47,14,7,43,11
Dengue,São Vicente,2021,15,202115,2021-04-11,55,46,39,16,4,37,14
Dengue,São Vicente,2021,16,202116,2021-04-18,14,13,9,5,4,6,4
Dengue,São Vicente,2021,17,202117,2021-04-25,27,23,19,8,2,21,4
Dengue,São Vicente,2021,18,202118,2021-05-02,17,16,13,4,0,10,7
Dengue,São Vicente,2021,19,202119,2021-05-09,14,12,12,2,1,11,2
Dengue,São Vicente,2021,20,202120,2021-05-16,8,7,4,4,1,4,3
Dengue,São Vicente,2021,21,202121,2021-05-23,1,1,0,1,0,0,1
Dengue,São Vicente,2021,23,202123,2021-06-06,1,0,1,0,0,1,0
Dengue,São Vicente,2021,24,202124,2021-06-13,4,3,1,3,0,3,1
Dengue,São Vicente,2021,25,202125,2021-06-20,1,0,1,0,0,0,1
Dengue,São Vicente,2021,26,202126,2021-06-27,13,13,7,6,7,5,1
Dengue,São Vicente,2021,27,202127,2021-07-04,5,5,3,2,2,3,0
Dengue,São Vicente,2021,30,202130,2021-07-25,1,0,1,0,1,0,0
Dengue,São Vicente,2021,36,202136,2021-09-05,1,1,0,1,0,1,0
Dengue,São Vicente,2021,37,202137,2021-09-12,6,2,6,0,2,4,0
Dengue,São Vicente,2021,39,202139,2021-09-26,5,2,3,2,1,4,0
Dengue,São Vicente,2021,40,202140,2021-10-03,2,1,1,1,0,2,0
Dengue,São Vicente,2021,41,202141,2021-10-10,3,1,1,2,1,2,0
Dengue,São Vicente,2021,42,202142,2021-10-17,2,1,2,0,1,1,0
Dengue,São Vicente,2021,43,202143,2021-10-24,2,0,2,0,0,2,0
Dengue,São Vicente,2021,44,202144,2021-10-31,1,0,1,0,0,1,0
Dengue,São Vicente,2021,45,202145,2021-11-07,4,3,3,1,1,3,0
Dengue,São Vicente,2021,46,202146,2021-11-14,1,1,1,0,0,1,0
Dengue,São Vicente,2021,47,202147,2021-11-21,2,1,2,0,1,1,0
Dengue,São Vicente,2021,48,202148,2021-11-28,4,3,3,1,0,4,0
Dengue,São Vicente,2021,49,202149,2021-12-05,13,12,5,8,4,6,3
Dengue,São Vicente,2021,50,202150,2021-12-12,4,4,1,3,3,1,0
Dengue,São Vicente,2021,52,202152,2021-12-26,2,0,2,0,0,1,1
Dengue,São Vicente,2022,5,202205,2022-01-30,2,2,1,1,1,1,0
Dengue,São Vicente,2022,6,202206,2022-02-06,2,2,2,0,0,1,1
Dengue,São Vicente,2022,7,202207,2022-02-13,2,2,1,1,0,1,1
Dengue,São Vicente,2022,12,202212,2022-03-20,1,1,0,1,0,0,1
Dengue,São Vicente,2022,15,202215,2022-04-10,1,1,1,0,1,0,0
Dengue,São Vicente,2022,19,202219,2022-05-08,1,1,1,0,0,1,0
Dengue,São Vicente,2022,21,202221,2022-05-22,1,1,1,0,1,0,0
Dengue,São Vicente,2022,22,202222,2022-05-29,1,1,0,1,0,1,0
Dengue,São Vicente,2022,25,202225,2022-06-19,1,1,0,1,0,1,0
Dengue,São Vicente,2022,27,202227,2022-07-03,1,1,0,1,0,1,0
Dengue,São Vicente,2022,28,202228,2022-07-10,1,1,1,0,0,1,0
Dengue,São Vicente,2022,31,202231,2022-07-31,2,2,1,1,1,1,0
Dengue,São Vicente,2022,33,202233,2022-08-14,1,1,0,1,0,1,0
Dengue,São Vicente,2022,34,202234,2022-08-21,1,1,1,0,1,0,0
Dengue,São Vicente,2022,36,202236,2022-09-04,1,1,1,0,0,1,0
Dengue,São Vicente,2022,41,202241,2022-10-09,1,1,1,0,0,1,0
Dengue,São Vicente,2022,45,202245,2022-11-06,1,1,0,1,0,1,0
Dengue,São Vicente,2022,47,202247,2022-11-20,1,1,1,0,0,1,0
Dengue,São Vicente,2022,51,202251,2022-12-18,1,1,1,0,0,1,0
Dengue,São Vicente,2022,52,202252,2022-12-25,1,1,0,1,0,1,0
Dengue,São Vicente,2023,2,202302,2023-01-08,1,1,0,1,0,1,0
Dengue,São Vicente,2023,3,202303,2023-01-15,1,1,0,1,0,1,0
Dengue,São Vicente,2023,5,202305,2023-01-29,1,1,0,1,0,1,0
Dengue,São Vicente,2023,8,202308,2023-02-19,1,1,0,1,0,1,0
Dengue,São Vicente,2023,9,202309,2023-02-26,1,1,1,0,0,0,1
Dengue,São Vicente,2023,13,202313,2023-03-26,1,1,0,1,1,0,0
Dengue,São Vicente,2023,16,202316,2023-04-16,1,1,1,0,0,1,0
Dengue,São Vicente,2023,18,202318,2023-04-30,1,1,0,1,0,1,0
Dengue,São Vicente,2023,20,202320,2023-05-14,1,1,1,0,0,1,0
Dengue,São Vicente,2023,24,202324,2023-06-11,1,1,0,1,1,0,0
Dengue,São Vicente,2023,28,202328,2023-07-09,2,2,1,1,2,0,0
Dengue,São Vicente,2023,30,202330,2023-07-23,1,1,0,1,0,1,0
Dengue,São Vicente,2023,31,202331,2023-07-30,1,1,0,1,1,0,0
Dengue,São Vicente,2023,37,202337,2023-09-10,1,1,1,0,0,0,1
Dengue,São Vicente,2023,42,202342,2023-10-15,1,1,0,1,1,0,0
Dengue,São Vicente,2023,43,202343,2023-10-22,1,1,0,1,0,1,0
Dengue,São Vicente,2023,46,202346,2023-11-12,1,1,1,0,0,1,0
Dengue,São Vicente,2023,47,202347,2023-11-19,2,2,1,1,1,1,0
Dengue,São Vicente,2023,48,202348,2023-11-26,3,3,2,1,1,2,0
Dengue,São Vicente,2023,51,202351,2023-12-17,1,1,0,1,0,1,0
Dengue,São Vicente,2024,1,202401,2024-01-07,1,1,0,1,0,1,0
Dengue,São Vicente,2024,3,202403,2024-01-21,3,3,3,0,1,2,0
Dengue,São Vicente,2024,4,202404,2024-01-28,2,2,0,2,1,1,0
Dengue,São Vicente,2024,5,202405,2024-02-04,2,2,2,0,0,1,1
Dengue,São Vicente,2024,6,202406,2024-02-11,2,2,2,0,0,2,0
Dengue,São Vicente,2024,7,202407,2024-02-18,4,4,2,2,1,3,0
Dengue,São Vicente,2024,8,202408,2024-02-25,23,22,17,6,1,19,3
Dengue,São Vicente,2024,9,202409,2024-03-03,12,12,7,5,2,8,2
Dengue,São Vicente,2024,10,202410,2024-03-10,25,25,16,9,6,16,3
Dengue,São Vicente,2024,11,202411,2024-03-17,33,32,20,13,10,23,0
Dengue,São Vicente,2024,12,202412,2024-03-24,38,38,28,10,11,21,6
Dengue,São Vicente,2024,13,202413,2024-03-31,13,13,9,4,2,10,1
Dengue,São Vicente,2024,14,202414,2024-04-07,14,14,12,2,2,10,2
Dengue,São Vicente,2024,15,202415,2024-04-14,13,13,9,4,1,12,0
Dengue,São Vicente,2024,16,202416,2024-04-21,16,16,13,3,0,12,4
Dengue,São Vicente,2024,17,202417,2024-04-28,11,11,5,6,3,6,2
Dengue,São Vicente,2024,18,202418,2024-05-05,14,14,5,9,7,6,1
Dengue,São Vicente,2024,19,202419,2024-05-12,30,30,17,13,7,20,3
Dengue,São Vicente,2024,20,202420,2024-05-19,29,29,15,14,11,17,1
Dengue,São Vicente,2024,21,202421,2024-05-26,25,25,13,12,10,10,5
Dengue,São Vicente,2024,22,202422,2024-06-02,8,8,6,2,3,4,1
Dengue,São Vicente,2024,23,202423,2024-06-09,11,11,7,4,2,7,2
Dengue,São Vicente,2024,24,202424,2024-06-16,12,12,10,2,3,9,0
Dengue,São Vicente,2024,25,202425,2024-06-23,10,10,4,6,4,2,4
Dengue,São Vicente,2024,26,202426,2024-06-30,6,6,3,3,2,4,0
Dengue,São Vicente,2024,27,202427,2024-07-07,7,7,6,1,0,7,0
Dengue,São Vicente,2024,29,202429,2024-07-21,3,3,3,0,0,2,1
Dengue,São Vicente,2024,30,202430,2024-07-28,2,2,2,0,0,2,0
Dengue,São Vicente,2024,31,202431,2024-08-04,1,1,0,1,0,1,0
Dengue,São Vicente,2024,40,202440,2024-10-06,2,2,2,0,1,1,0
Dengue,São Vicente,2024,41,202441,2024-10-13,2,2,0,2,2,0,0
Dengue,São Vicente,2024,42,202442,2024-10-20,1,1,1,0,0,1,0
Dengue,São Vicente,2024,44,202444,2024-11-03,2,2,0,2,1,0,1
Dengue,São Vicente,2024,45,202445,2024-11-10,1,1,1,0,0,1,0
Dengue,São Vicente,2024,47,202447,2024-11-24,2,2,2,0,1,1,0
Dengue,São Vicente,2024,48,202448,2024-12-01,1,1,0,1,0,1,0
Dengue,São Vicente,2024,51,202451,2024-12-22,1,1,1,0,0,1,0
Dengue,São Vicente,2025,1,202501,2025-01-05,2,2,0,2,0,2,0
Dengue,São Vicente,2025,2,202502,2025-01-12,7,7,4,3,2,5,0
Dengue,São Vicente,2025,3,202503,2025-01-19,3,3,1,2,0,3,0
Dengue,São Vicente,2025,4,202504,2025-01-26,3,3,2,1,1,2,0
Dengue,São Vicente,2025,5,202505,2025-02-02,4,4,1,3,0,4,0
Dengue,São Vicente,2025,6,202506,2025-02-09,12,12,8,4,4,8,0
Dengue,São Vicente,2025,7,202507,2025-02-16,10,10,3,7,3,7,0
Dengue,São Vicente,2025,8,202508,2025-02-23,12,12,7,5,4,7,1
Dengue,São Vicente,2025,9,202509,2025-03-02,24,24,13,11,5,17,2
Dengue,São Vicente,2025,10,202510,2025-03-09,21,21,11,10,5,15,1
Dengue,São Vicente,2025,11,202511,2025-03-16,166,166,93,73,27,130,9
Dengue,São Vicente,2025,12,202512,2025-03-23,114,114,57,57,25,86,3
Dengue,São Vicente,2025,13,202513,2025-03-30,66,66,32,34,20,42,4
Dengue,São Vicente,2025,14,202514,2025-04-06,62,62,39,23,7,53,2
Dengue,São Vicente,2025,15,202515,2025-04-13,73,73,35,38,19,53,1
Dengue,São Vicente,2025,16,202516,2025-04-20,61,61,30,31,13,45,3
Dengue,São Vicente,2025,17,202517,2025-04-27,71,71,35,36,7,60,4
Dengue,São Vicente,2025,18,202518,2025-05-04,82,82,47,35,21,60,1
Dengue,São Vicente,2025,19,202519,2025-05-11,63,63,35,28,14,43,6
Dengue,São Vicente,2025,20,202520,2025-05-18,93,93,45,48,25,63,5
Dengue,São Vicente,2025,21,202521,2025-05-25,89,89,48,41,22,64,3
Dengue,São Vicente,2025,22,202522,2025-06-01,89,89,57,32,24,60,5
Dengue,São Vicente,2025,23,202523,2025-06-08,59,59,33,26,16,41,2
Dengue,São Vicente,2025,24,202524,2025-06-15,40,40,24,16,15,21,4
Dengue,São Vicente,2025,25,202525,2025-06-22,34,34,18,16,8,24,2
Dengue,São Vicente,2025,26,202526,2025-06-29,32,32,16,16,14,18,0
Dengue,São Vicente,2025,27,202527,2025-07-06,25,25,16,9,8,17,0
Dengue,São Vicente,2025,28,202528,2025-07-13,15,15,9,6,3,11,1
Dengue,São Vicente,2025,29,202529,2025-07-20,38,38,19,19,17,19,2
Dengue,São Vicente,2025,30,202530,2025-07-27,124,124,56,68,32,85,7
Dengue,São Vicente,2025,31,202531,2025-08-03,78,78,37,41,20,51,7
Dengue,São Vicente,2025,32,202532,2025-08-10,87,87,55,32,37,47,3
Dengue,São Vicente,2025,33,202533,2025-08-17,174,174,94,80,51,115,8
Dengue,São Vicente,2025,34,202534,2025-08-24,49,49,26,23,11,35,3
Dengue,São Vicente,2025,35,202535,2025-08-31,6,6,3,3,1,5,0
Dengue,São Vicente,2025,36,202536,2025-09-07,4,4,2,2,0,4,0
Dengue,São Vicente,2025,37,202537,2025-09-14,2,2,1,1,2,0,0
Dengue,São Vicente,2025,38,202538,2025-09-21,1,1,1,0,0,1,0
Dengue,São Vicente,2025,39,202539,2025-09-28,1,1,1,0,0,1,0
Dengue,São Vicente,2025,40,202540,2025-10-05,3,3,2,1,1,2,0
Dengue,São Vicente,2025,41,202541,2025-10-12,8,8,2,6,2,5,1
Dengue,São Vicente,2025,42,202542,2025-10-19,6,6,5,1,1,5,0
Dengue,São Vicente,2025,43,202543,2025-10-26,13,13,8,5,4,9,0
Dengue,São Vicente,2025,44,202544,2025-11-02,7,7,5,2,0,7,0
Dengue,São Vicente,2025,45,202545,2025-11-09,2,2,2,0,0,2,0
Dengue,São Vicente,2025,46,202546,2025-11-16,5,5,2,3,1,4,0
Dengue,São Vicente,2025,47,202547,2025-11-23,4,4,3,1,0,4,0
Dengue,São Vicente,2025,48,202548,2025-11-30,8,8,5,3,2,5,1
Dengue,São Vicente,2025,49,202549,2025-12-07,3,3,1,2,1,1,1
Dengue,São Vicente,2025,50,202550,2025-12-14,7,7,2,5,5,2,0
Dengue,São Vicente,2025,51,202551,2025-12-21,7,7,4,3,0,6,1
Dengue,São Vicente,2025,52,202552,2025-12-28,6,6,2,4,2,4,0
Dengue,São Vicente,2025,53,202553,2026-01-04,5,5,4,1,3,2,0
Dengue,São Vicente,2026,1,202601,2026-01-04,5,5,1,4,0,5,0
Dengue,São Vicente,2026,2,202602,2026-01-11,13,13,5,8,3,10,0
Dengue,São Vicente,2026,3,202603,2026-01-18,16,16,7,9,2,14,0
Dengue,São Vicente,2026,4,202604,2026-01-25,6,6,5,1,2,4,0
Dengue,São Vicente,2026,5,202605,2026-02-01,3,3,3,0,0,3,0
Dengue,São Vicente,2026,6,202606,2026-02-08,5,5,3,2,1,4,0
Dengue,São Vicente,2026,7,202607,2026-02-15,10,10,5,5,2,8,0
Dengue,São Vicente,2026,8,202608,2026-02-22,9,9,7,2,0,9,0
Dengue,São Vicente,2026,9,202609,2026-03-01,10,10,7,3,2,8,0
Dengue,São Vicente,2026,10,202610,2026-03-08,18,18,12,6,1,16,1
Dengue,São Vicente,2026,11,202611,2026-03-15,17,17,10,7,4,11,2
Dengue,São Vicente,2026,12,202612,2026-03-22,11,11,7,4,3,7,1
Dengue,São Vicente,2026,13,202613,2026-03-29,11,11,11,0,2,8,1
Dengue,São Vicente,2026,14,202614,2026-04-05,10,10,5,5,4,6,0
Dengue,São Vicente,2026,15,202615,2026-04-12,9,9,3,6,4,5,0
Dengue,São Vicente,2026,16,202616,2026-04-19,2,2,1,1,1,1,0
Dengue,São Vicente,2026,17,202617,2026-04-26,10,10,4,6,4,6,0
Dengue,São Vicente,2026,18,202618,2026-05-03,6,6,2,4,1,4,1
Dengue,São Vicente,2026,19,202619,2026-05-10,17,17,10,7,3,12,2
Dengue,São Vicente,2026,20,202620,2026-05-17,11,11,8,3,2,9,0
Dengue,São Vicente,2026,21,202621,2026-05-24,18,18,8,10,3,15,0
Dengue,São Vicente,2026,22,202622,2026-05-31,4,4,1,3,2,2,0
Dengue,São Vicente,2026,23,202623,2026-06-07,4,4,1,3,0,4,0
Dengue,São Vicente,2026,24,202624,2026-06-14,4,4,4,0,1,3,0
Dengue,São Vicente,2026,25,202625,2026-06-21,3,3,1,2,2,1,0
Dengue,São Vicente,2026,26,202626,2026-06-28,2,2,0,2,1,1,0
Dengue,São Vicente,2026,27,202627,2026-07-05,2,2,0,2,0,0,2
Dengue,São Vicente,2026,28,202628,2026-07-12,5,5,3,2,0,5,0
Dengue,São Vicente,2026,29,202629,2026-07-19,2,2,1,1,0,1,1
Dengue,São Vicente,2026,30,202630,2026-07-26,10,10,5,5,2,7,1
Dengue,São Vicente,2026,31,202631,2026-08-02,2,2,2,0,0,2,0
Dengue,São Vicente,2026,32,202632,2026-08-09,3,3,0,3,0,3,0
Dengue,São Vicente,2026,33,202633,2026-08-16,5,5,3,2,2,3,0
Dengue,São Vicente,2026,34,202634,2026-08-23,3,3,1,2,1,2,0
Dengue,São Vicente,2026,35,202635,2026-08-30,2,2,0,2,1,1,0
Influenza,Baixada Santista,2021,1,202101,2021-01-03,319,0,150,169,319,0,0
Influenza,Baixada Santista,2021,2,202102,2021-01-10,292,0,138,154,292,0,0
Influenza,Baixada Santista,2021,3,202103,2021-01-17,257,0,121,136,257,0,0
Influenza,Baixada Santista,2021,4,202104,2021-01-24,268,0,115,153,268,0,0
Influenza,Baixada Santista,2021,5,202105,2021-01-31,267,0,138,128,267,0,0
Influenza,Baixada Santista,2021,6,202106,2021-02-07,318,0,155,163,318,0,0
Influenza,Baixada Santista,2021,7,202107,2021-02-14,430,1,197,233,430,0,0
Influenza,Baixada Santista,2021,8,202108,2021-02-21,345,1,142,203,345,0,0
Influenza,Baixada Santista,2021,9,202109,2021-02-28,620,0,306,314,620,0,0
Influenza,Baixada Santista,2021,10,202110,2021-03-07,753,0,357,396,753,0,0
Influenza,Baixada Santista,2021,11,202111,2021-03-14,799,1,399,400,799,0,0
Influenza,Baixada Santista,2021,12,202112,2021-03-21,630,0,311,319,630,0,0
Influenza,Baixada Santista,2021,13,202113,2021-03-28,523,1,250,273,523,0,0
Influenza,Baixada Santista,2021,14,202114,2021-04-04,506,2,256,250,506,0,0
Influenza,Baixada Santista,2021,15,202115,2021-04-11,396,0,170,226,396,0,0
Influenza,Baixada Santista,2021,16,202116,2021-04-18,396,2,170,226,396,0,0
Influenza,Baixada Santista,2021,17,202117,2021-04-25,374,0,172,202,374,0,0
Influenza,Baixada Santista,2021,18,202118,2021-05-02,394,0,171,223,394,0,0
Influenza,Baixada Santista,2021,19,202119,2021-05-09,384,1,187,197,384,0,0
Influenza,Baixada Santista,2021,20,202120,2021-05-16,399,0,176,223,399,0,0
Influenza,Baixada Santista,2021,21,202121,2021-05-23,351,1,160,191,351,0,0
Influenza,Baixada Santista,2021,22,202122,2021-05-30,383,0,172,211,383,0,0
Influenza,Baixada Santista,2021,23,202123,2021-06-06,297,0,121,176,297,0,0
Influenza,Baixada Santista,2021,24,202124,2021-06-13,226,0,117,109,226,0,0
Influenza,Baixada Santista,2021,25,202125,2021-06-20,198,0,93,105,198,0,0
Influenza,Baixada Santista,2021,26,202126,2021-06-27,143,0,58,85,143,0,0
Influenza,Baixada Santista,2021,27,202127,2021-07-04,145,0,64,81,145,0,0
Influenza,Baixada Santista,2021,28,202128,2021-07-11,111,0,45,66,111,0,0
Influenza,Baixada Santista,2021,29,202129,2021-07-18,95,0,37,58,95,0,0
Influenza,Baixada Santista,2021,30,202130,2021-07-25,106,0,41,65,106,0,0
Influenza,Baixada Santista,2021,31,202131,2021-08-01,88,0,41,47,88,0,0
Influenza,Baixada Santista,2021,32,202132,2021-08-08,105,0,53,52,105,0,0
Influenza,Baixada Santista,2021,33,202133,2021-08-15,89,0,46,43,89,0,0
Influenza,Baixada Santista,2021,34,202134,2021-08-22,75,0,35,40,75,0,0
Influenza,Baixada Santista,2021,35,202135,2021-08-29,96,0,41,55,96,0,0
Influenza,Baixada Santista,2021,36,202136,2021-09-05,84,0,43,41,84,0,0
Influenza,Baixada Santista,2021,37,202137,2021-09-12,75,0,28,47,75,0,0
Influenza,Baixada Santista,2021,38,202138,2021-09-19,105,0,47,58,105,0,0
Influenza,Baixada Santista,2021,39,202139,2021-09-26,118,0,63,55,118,0,0
Influenza,Baixada Santista,2021,40,202140,2021-10-03,96,0,42,54,96,0,0
Influenza,Baixada Santista,2021,41,202141,2021-10-10,83,0,36,47,83,0,0
Influenza,Baixada Santista,2021,42,202142,2021-10-17,63,0,26,37,63,0,0
Influenza,Baixada Santista,2021,43,202143,2021-10-24,67,0,28,39,67,0,0
Influenza,Baixada Santista,2021,44,202144,2021-10-31,71,0,27,44,71,0,0
Influenza,Baixada Santista,2021,45,202145,2021-11-07,79,0,39,40,79,0,0
Influenza,Baixada Santista,2021,46,202146,2021-11-14,77,0,35,42,77,0,0
Influenza,Baixada Santista,2021,47,202147,2021-11-21,88,0,43,45,88,0,0
Influenza,Baixada Santista,2021,48,202148,2021-11-28,91,0,36,55,91,0,0
Influenza,Baixada Santista,2021,49,202149,2021-12-05,92,3,42,50,92,0,0
Influenza,Baixada Santista,2021,50,202150,2021-12-12,121,9,72,49,121,0,0
Influenza,Baixada Santista,2021,51,202151,2021-12-19,215,29,133,82,215,0,0
Influenza,Baixada Santista,2021,52,202152,2021-12-26,262,26,156,106,262,0,0
Influenza,Baixada Santista,2022,1,202201,2022-01-02,218,11,114,104,218,0,0
Influenza,Baixada Santista,2022,2,202202,2022-01-09,291,0,141,150,291,0,0
Influenza,Baixada Santista,2022,3,202203,2022-01-16,235,1,104,131,235,0,0
Influenza,Baixada Santista,2022,4,202204,2022-01-23,217,1,106,111,217,0,0
Influenza,Baixada Santista,2022,5,202205,2022-01-30,149,1,68,81,149,0,0
Influenza,Baixada Santista,2022,6,202206,2022-02-06,104,1,54,50,104,0,0
Influenza,Baixada Santista,2022,7,202207,2022-02-13,71,1,36,35,71,0,0
Influenza,Baixada Santista,2022,8,202208,2022-02-20,57,0,31,26,57,0,0
Influenza,Baixada Santista,2022,9,202209,2022-02-27,51,1,28,23,51,0,0
Influenza,Baixada Santista,2022,10,202210,2022-03-06,27,1,12,15,27,0,0
Influenza,Baixada Santista,2022,11,202211,2022-03-13,44,0,23,21,44,0,0
Influenza,Baixada Santista,2022,12,202212,2022-03-20,42,3,21,21,42,0,0
Influenza,Baixada Santista,2022,13,202213,2022-03-27,28,0,7,21,28,0,0
Influenza,Baixada Santista,2022,14,202214,2022-04-03,49,0,20,29,49,0,0
Influenza,Baixada Santista,2022,15,202215,2022-04-10,41,0,21,20,41,0,0
Influenza,Baixada Santista,2022,16,202216,2022-04-17,37,0,21,16,37,0,0
Influenza,Baixada Santista,2022,17,202217,2022-04-24,35,0,16,19,35,0,0
Influenza,Baixada Santista,2022,18,202218,2022-05-01,44,0,22,22,44,0,0
Influenza,Baixada Santista,2022,19,202219,2022-05-08,32,1,15,17,32,0,0
Influenza,Baixada Santista,2022,20,202220,2022-05-15,38,0,13,25,38,0,0
Influenza,Baixada Santista,2022,21,202221,2022-05-22,49,0,18,31,49,0,0
Influenza,Baixada Santista,2022,22,202222,2022-05-29,41,1,21,20,41,0,0
Influenza,Baixada Santista,2022,23,202223,2022-06-05,60,0,33,27,60,0,0
Influenza,Baixada Santista,2022,24,202224,2022-06-12,69,0,39,30,69,0,0
Influenza,Baixada Santista,2022,25,202225,2022-06-19,72,0,34,38,72,0,0
Influenza,Baixada Santista,2022,26,202226,2022-06-26,86,1,46,40,86,0,0
Influenza,Baixada Santista,2022,27,202227,2022-07-03,77,0,41,36,77,0,0
Influenza,Baixada Santista,2022,28,202228,2022-07-10,63,0,35,28,63,0,0
Influenza,Baixada Santista,2022,29,202229,2022-07-17,35,1,16,19,35,0,0
Influenza,Baixada Santista,2022,30,202230,2022-07-24,42,0,22,20,42,0,0
Influenza,Baixada Santista,2022,31,202231,2022-07-31,36,0,20,16,36,0,0
Influenza,Baixada Santista,2022,32,202232,2022-08-07,33,0,16,17,33,0,0
Influenza,Baixada Santista,2022,33,202233,2022-08-14,68,2,32,36,68,0,0
Influenza,Baixada Santista,2022,34,202234,2022-08-21,41,0,20,21,41,0,0
Influenza,Baixada Santista,2022,35,202235,2022-08-28,45,0,19,26,45,0,0
Influenza,Baixada Santista,2022,36,202236,2022-09-04,41,0,18,23,41,0,0
Influenza,Baixada Santista,2022,37,202237,2022-09-11,36,0,16,20,36,0,0
Influenza,Baixada Santista,2022,38,202238,2022-09-18,34,0,13,21,34,0,0
Influenza,Baixada Santista,2022,39,202239,2022-09-25,34,3,13,21,34,0,0
Influenza,Baixada Santista,2022,40,202240,2022-10-02,40,1,23,17,40,0,0
Influenza,Baixada Santista,2022,41,202241,2022-10-09,34,0,17,17,34,0,0
Influenza,Baixada Santista,2022,42,202242,2022-10-16,47,3,30,17,47,0,0
Influenza,Baixada Santista,2022,43,202243,2022-10-23,46,4,20,26,46,0,0
Influenza,Baixada Santista,2022,44,202244,2022-10-30,29,2,11,18,29,0,0
Influenza,Baixada Santista,2022,45,202245,2022-11-06,59,2,31,28,59,0,0
Influenza,Baixada Santista,2022,46,202246,2022-11-13,92,0,41,51,92,0,0
Influenza,Baixada Santista,2022,47,202247,2022-11-20,100,0,47,53,100,0,0
Influenza,Baixada Santista,2022,48,202248,2022-11-27,69,1,35,34,69,0,0
Influenza,Baixada Santista,2022,49,202249,2022-12-04,56,0,30,26,56,0,0
Influenza,Baixada Santista,2022,50,202250,2022-12-11,63,1,32,31,63,0,0
Influenza,Baixada Santista,2022,51,202251,2022-12-18,57,0,30,27,57,0,0
Influenza,Baixada Santista,2022,52,202252,2022-12-25,66,1,22,44,66,0,0
Influenza,Baixada Santista,2023,1,202301,2023-01-01,63,1,30,33,63,0,0
Influenza,Baixada Santista,2023,2,202302,2023-01-08,49,0,17,32,49,0,0
Influenza,Baixada Santista,2023,3,202303,2023-01-15,55,1,28,27,55,0,0
Influenza,Baixada Santista,2023,4,202304,2023-01-22,57,0,30,27,57,0,0
Influenza,Baixada Santista,2023,5,202305,2023-01-29,59,0,31,28,59,0,0
Influenza,Baixada Santista,2023,6,202306,2023-02-05,68,1,32,36,68,0,0
Influenza,Baixada Santista,2023,7,202307,2023-02-12,53,1,26,27,53,0,0
Influenza,Baixada Santista,2023,8,202308,2023-02-19,57,5,29,28,57,0,0
Influenza,Baixada Santista,2023,9,202309,2023-02-26,67,2,28,39,67,0,0
Influenza,Baixada Santista,2023,10,202310,2023-03-05,84,1,38,46,84,0,0
Influenza,Baixada Santista,2023,11,202311,2023-03-12,63,1,36,27,63,0,0
Influenza,Baixada Santista,2023,12,202312,2023-03-19,79,4,39,40,79,0,0
Influenza,Baixada Santista,2023,13,202313,2023-03-26,53,2,20,33,53,0,0
Influenza,Baixada Santista,2023,14,202314,2023-04-02,63,4,37,26,63,0,0
Influenza,Baixada Santista,2023,15,202315,2023-04-09,77,4,28,49,77,0,0
Influenza,Baixada Santista,2023,16,202316,2023-04-16,51,1,27,24,51,0,0
Influenza,Baixada Santista,2023,17,202317,2023-04-23,44,0,19,25,44,0,0
Influenza,Baixada Santista,2023,18,202318,2023-04-30,33,0,19,14,33,0,0
Influenza,Baixada Santista,2023,19,202319,2023-05-07,39,1,19,20,39,0,0
Influenza,Baixada Santista,2023,20,202320,2023-05-14,37,1,21,16,37,0,0
Influenza,Baixada Santista,2023,21,202321,2023-05-21,56,8,28,28,56,0,0
Influenza,Baixada Santista,2023,22,202322,2023-05-28,49,6,29,20,49,0,0
Influenza,Baixada Santista,2023,23,202323,2023-06-04,69,6,32,37,69,0,0
Influenza,Baixada Santista,2023,24,202324,2023-06-11,67,4,31,36,67,0,0
Influenza,Baixada Santista,2023,25,202325,2023-06-18,63,5,29,34,63,0,0
Influenza,Baixada Santista,2023,26,202326,2023-06-25,69,8,43,26,69,0,0
Influenza,Baixada Santista,2023,27,202327,2023-07-02,51,3,25,26,51,0,0
Influenza,Baixada Santista,2023,28,202328,2023-07-09,61,5,28,33,61,0,0
Influenza,Baixada Santista,2023,29,202329,2023-07-16,26,3,11,15,26,0,0
Influenza,Baixada Santista,2023,30,202330,2023-07-23,30,2,14,16,30,0,0
Influenza,Baixada Santista,2023,31,202331,2023-07-30,42,2,18,24,42,0,0
Influenza,Baixada Santista,2023,32,202332,2023-08-06,47,1,18,29,47,0,0
Influenza,Baixada Santista,2023,33,202333,2023-08-13,38,3,20,18,38,0,0
Influenza,Baixada Santista,2023,34,202334,2023-08-20,44,0,20,24,44,0,0
Influenza,Baixada Santista,2023,35,202335,2023-08-27,40,1,20,20,40,0,0
Influenza,Baixada Santista,2023,36,202336,2023-09-03,36,0,15,21,36,0,0
Influenza,Baixada Santista,2023,37,202337,2023-09-10,49,0,15,34,49,0,0
Influenza,Baixada Santista,2023,38,202338,2023-09-17,37,0,18,19,37,0,0
Influenza,Baixada Santista,2023,39,202339,2023-09-24,40,0,15,25,40,0,0
Influenza,Baixada Santista,2023,40,202340,2023-10-01,71,0,31,40,71,0,0
Influenza,Baixada Santista,2023,41,202341,2023-10-08,62,0,30,32,62,0,0
Influenza,Baixada Santista,2023,42,202342,2023-10-15,72,0,32,40,72,0,0
Influenza,Baixada Santista,2023,43,202343,2023-10-22,43,0,17,26,43,0,0
Influenza,Baixada Santista,2023,44,202344,2023-10-29,51,1,26,25,51,0,0
Influenza,Baixada Santista,2023,45,202345,2023-11-05,46,2,20,26,46,0,0
Influenza,Baixada Santista,2023,46,202346,2023-11-12,42,1,21,21,42,0,0
Influenza,Baixada Santista,2023,47,202347,2023-11-19,44,0,19,25,44,0,0
Influenza,Baixada Santista,2023,48,202348,2023-11-26,32,0,16,16,32,0,0
Influenza,Baixada Santista,2023,49,202349,2023-12-03,39,0,23,16,39,0,0
Influenza,Baixada Santista,2023,50,202350,2023-12-10,35,0,15,20,35,0,0
Influenza,Baixada Santista,2023,51,202351,2023-12-17,40,0,14,26,40,0,0
Influenza,Baixada Santista,2023,52,202352,2023-12-24,25,1,12,13,25,0,0
Influenza,Baixada Santista,2024,1,202401,2024-01-07,28,2,10,18,28,0,0
Influenza,Baixada Santista,2024,2,202402,2024-01-14,24,0,8,16,24,0,0
Influenza,Baixada Santista,2024,3,202403,2024-01-21,20,0,8,12,20,0,0
Influenza,Baixada Santista,2024,4,202404,2024-01-28,29,1,11,18,29,0,0
Influenza,Baixada Santista,2024,5,202405,2024-02-04,33,1,20,13,33,0,0
Influenza,Baixada Santista,2024,6,202406,2024-02-11,52,0,26,26,52,0,0
Influenza,Baixada Santista,2024,7,202407,2024-02-18,36,2,12,24,36,0,0
Influenza,Baixada Santista,2024,8,202408,2024-02-25,59,6,35,24,59,0,0
Influenza,Baixada Santista,2024,9,202409,2024-03-03,69,5,34,35,69,0,0
Influenza,Baixada Santista,2024,10,202410,2024-03-10,44,3,21,23,44,0,0
Influenza,Baixada Santista,2024,11,202411,2024-03-17,79,11,28,51,79,0,0
Influenza,Baixada Santista,2024,12,202412,2024-03-24,39,6,20,19,39,0,0
Influenza,Baixada Santista,2024,13,202413,2024-03-31,42,9,20,22,42,0,0
Influenza,Baixada Santista,2024,14,202414,2024-04-07,56,5,28,28,56,0,0
Influenza,Baixada Santista,2024,15,202415,2024-04-14,55,9,19,36,55,0,0
Influenza,Baixada Santista,2024,16,202416,2024-04-21,64,20,25,39,64,0,0
Influenza,Baixada Santista,2024,17,202417,2024-04-28,58,21,30,28,58,0,0
Influenza,Baixada Santista,2024,18,202418,2024-05-05,50,15,35,15,50,0,0
Influenza,Baixada Santista,2024,19,202419,2024-05-12,49,12,27,22,49,0,0
Influenza,Baixada Santista,2024,20,202420,2024-05-19,40,8,20,20,40,0,0
Influenza,Baixada Santista,2024,21,202421,2024-05-26,39,0,19,20,39,0,0
Influenza,Baixada Santista,2024,22,202422,2024-06-02,29,4,15,14,29,0,0
Influenza,Baixada Santista,2024,23,202423,2024-06-09,48,5,19,29,48,0,0
Influenza,Baixada Santista,2024,24,202424,2024-06-16,49,4,26,23,49,0,0
Influenza,Baixada Santista,2024,25,202425,2024-06-23,43,1,20,23,43,0,0
Influenza,Baixada Santista,2024,26,202426,2024-06-30,25,2,11,14,25,0,0
Influenza,Baixada Santista,2024,27,202427,2024-07-07,45,2,22,23,45,0,0
Influenza,Baixada Santista,2024,28,202428,2024-07-14,30,2,14,16,30,0,0
Influenza,Baixada Santista,2024,29,202429,2024-07-21,25,0,13,12,25,0,0
Influenza,Baixada Santista,2024,30,202430,2024-07-28,37,0,20,17,37,0,0
Influenza,Baixada Santista,2024,31,202431,2024-08-04,36,2,21,15,36,0,0
Influenza,Baixada Santista,2024,32,202432,2024-08-11,31,2,9,22,31,0,0
Influenza,Baixada Santista,2024,33,202433,2024-08-18,54,4,25,29,54,0,0
Influenza,Baixada Santista,2024,34,202434,2024-08-25,52,3,22,30,52,0,0
Influenza,Baixada Santista,2024,35,202435,2024-09-01,35,3,14,21,35,0,0
Influenza,Baixada Santista,2024,36,202436,2024-09-08,51,0,27,24,51,0,0
Influenza,Baixada Santista,2024,37,202437,2024-09-15,48,2,26,22,48,0,0
Influenza,Baixada Santista,2024,38,202438,2024-09-22,42,2,22,20,42,0,0
Influenza,Baixada Santista,2024,39,202439,2024-09-29,28,1,11,17,28,0,0
Influenza,Baixada Santista,2024,40,202440,2024-10-06,36,2,19,17,36,0,0
Influenza,Baixada Santista,2024,41,202441,2024-10-13,44,4,23,21,44,0,0
Influenza,Baixada Santista,2024,42,202442,2024-10-20,30,0,14,16,30,0,0
Influenza,Baixada Santista,2024,43,202443,2024-10-27,54,6,18,36,54,0,0
Influenza,Baixada Santista,2024,44,202444,2024-11-03,35,3,16,19,35,0,0
Influenza,Baixada Santista,2024,45,202445,2024-11-10,27,4,12,15,27,0,0
Influenza,Baixada Santista,2024,46,202446,2024-11-17,38,3,17,21,38,0,0
Influenza,Baixada Santista,2024,47,202447,2024-11-24,52,9,26,26,52,0,0
Influenza,Baixada Santista,2024,48,202448,2024-12-01,38,5,14,24,38,0,0
Influenza,Baixada Santista,2024,49,202449,2024-12-08,31,4,11,20,31,0,0
Influenza,Baixada Santista,2024,50,202450,2024-12-15,29,7,15,14,29,0,0
Influenza,Baixada Santista,2024,51,202451,2024-12-22,39,6,22,17,39,0,0
Influenza,Baixada Santista,2024,52,202452,2024-12-29,24,2,12,12,24,0,0
Influenza,Baixada Santista,2025,1,202501,2025-01-05,50,1,29,21,50,0,0
Influenza,Baixada Santista,2025,2,202502,2025-01-12,34,1,16,18,34,0,0
Influenza,Baixada Santista,2025,3,202503,2025-01-19,39,3,23,16,39,0,0
Influenza,Baixada Santista,2025,4,202504,2025-01-26,22,0,9,13,22,0,0
Influenza,Baixada Santista,2025,5,202505,2025-02-02,27,0,14,13,27,0,0
Influenza,Baixada Santista,2025,6,202506,2025-02-09,34,0,17,17,34,0,0
Influenza,Baixada Santista,2025,7,202507,2025-02-16,41,4,22,19,41,0,0
Influenza,Baixada Santista,2025,8,202508,2025-02-23,55,3,26,29,55,0,0
Influenza,Baixada Santista,2025,9,202509,2025-03-02,64,3,34,30,64,0,0
Influenza,Baixada Santista,2025,10,202510,2025-03-09,47,1,20,27,47,0,0
Influenza,Baixada Santista,2025,11,202511,2025-03-16,74,2,37,37,74,0,0
Influenza,Baixada Santista,2025,12,202512,2025-03-23,67,4,34,33,67,0,0
Influenza,Baixada Santista,2025,13,202513,2025-03-30,91,10,44,47,91,0,0
Influenza,Baixada Santista,2025,14,202514,2025-04-06,83,4,39,44,83,0,0
Influenza,Baixada Santista,2025,15,202515,2025-04-13,94,11,46,48,94,0,0
Influenza,Baixada Santista,2025,16,202516,2025-04-20,101,17,41,60,101,0,0
Influenza,Baixada Santista,2025,17,202517,2025-04-27,120,25,64,56,120,0,0
Influenza,Baixada Santista,2025,18,202518,2025-05-04,143,30,63,80,143,0,0
Influenza,Baixada Santista,2025,19,202519,2025-05-11,134,36,65,69,134,0,0
Influenza,Baixada Santista,2025,20,202520,2025-05-18,112,22,58,54,112,0,0
Influenza,Baixada Santista,2025,21,202521,2025-05-25,120,29,52,68,120,0,0
Influenza,Baixada Santista,2025,22,202522,2025-06-01,89,12,46,43,89,0,0
Influenza,Baixada Santista,2025,23,202523,2025-06-08,92,13,42,50,92,0,0
Influenza,Baixada Santista,2025,24,202524,2025-06-15,84,6,38,46,84,0,0
Influenza,Baixada Santista,2025,25,202525,2025-06-22,101,9,46,55,101,0,0
Influenza,Baixada Santista,2025,26,202526,2025-06-29,60,6,38,22,60,0,0
Influenza,Baixada Santista,2025,27,202527,2025-07-06,65,4,23,42,65,0,0
Influenza,Baixada Santista,2025,28,202528,2025-07-13,52,6,23,29,52,0,0
Influenza,Baixada Santista,2025,29,202529,2025-07-20,40,0,18,22,40,0,0
Influenza,Baixada Santista,2025,30,202530,2025-07-27,40,0,22,18,40,0,0
Influenza,Baixada Santista,2025,31,202531,2025-08-03,34,2,16,18,34,0,0
Influenza,Baixada Santista,2025,32,202532,2025-08-10,47,0,23,24,47,0,0
Influenza,Baixada Santista,2025,33,202533,2025-08-17,56,0,24,32,56,0,0
Influenza,Baixada Santista,2025,34,202534,2025-08-24,50,1,18,32,50,0,0
Influenza,Baixada Santista,2025,35,202535,2025-08-31,60,1,28,32,60,0,0
Influenza,Baixada Santista,2025,36,202536,2025-09-07,64,1,32,32,64,0,0
Influenza,Baixada Santista,2025,37,202537,2025-09-14,61,1,35,26,61,0,0
Influenza,Baixada Santista,2025,38,202538,2025-09-21,53,3,30,23,53,0,0
Influenza,Baixada Santista,2025,39,202539,2025-09-28,53,4,20,33,53,0,0
Influenza,Baixada Santista,2025,40,202540,2025-10-05,58,4,33,25,58,0,0
Influenza,Baixada Santista,2025,41,202541,2025-10-12,45,1,22,23,45,0,0
Influenza,Baixada Santista,2025,42,202542,2025-10-19,56,3,33,23,56,0,0
Influenza,Baixada Santista,2025,43,202543,2025-10-26,64,10,34,30,64,0,0
Influenza,Baixada Santista,2025,44,202544,2025-11-02,78,11,42,36,78,0,0
Influenza,Baixada Santista,2025,45,202545,2025-11-09,64,12,27,37,64,0,0
Influenza,Baixada Santista,2025,46,202546,2025-11-16,64,10,26,38,64,0,0
Influenza,Baixada Santista,2025,47,202547,2025-11-23,56,7,25,31,56,0,0
Influenza,Baixada Santista,2025,48,202548,2025-11-30,37,7,21,16,37,0,0
Influenza,Baixada Santista,2025,49,202549,2025-12-07,38,4,16,22,38,0,0
Influenza,Baixada Santista,2025,50,202550,2025-12-14,38,6,12,26,38,0,0
Influenza,Baixada Santista,2025,51,202551,2025-12-21,30,5,15,15,30,0,0
Influenza,Baixada Santista,2025,52,202552,2025-12-28,25,1,15,10,25,0,0
Influenza,Baixada Santista,2026,2,202602,2026-01-11,21,1,6,15,21,0,0
Influenza,Baixada Santista,2026,3,202603,2026-01-18,18,2,7,11,18,0,0
Influenza,Baixada Santista,2026,4,202604,2026-01-25,19,3,13,6,19,0,0
Influenza,Baixada Santista,2026,5,202605,2026-02-01,20,3,9,11,20,0,0
Influenza,Baixada Santista,2026,6,202606,2026-02-08,23,1,14,9,23,0,0
Influenza,Baixada Santista,2026,7,202607,2026-02-15,39,7,14,25,39,0,0
Influenza,Baixada Santista,2026,8,202608,2026-02-22,41,5,23,18,41,0,0
Influenza,Baixada Santista,2026,9,202609,2026-03-01,40,7,19,21,40,0,0
Influenza,Baixada Santista,2026,10,202610,2026-03-08,54,4,31,23,54,0,0
Influenza,Baixada Santista,2026,11,202611,2026-03-15,51,5,22,29,51,0,0
Influenza,Baixada Santista,2026,12,202612,2026-03-22,87,21,35,52,87,0,0
Influenza,Baixada Santista,2026,13,202613,2026-03-29,75,23,40,35,75,0,0
Influenza,Baixada Santista,2026,14,202614,2026-04-05,114,32,47,67,114,0,0
Influenza,Baixada Santista,2026,15,202615,2026-04-12,109,34,45,64,109,0,0
Influenza,Baixada Santista,2026,16,202616,2026-04-19,106,24,43,63,106,0,0
Influenza,Baixada Santista,2026,17,202617,2026-04-26,128,32,71,57,128,0,0
Influenza,Baixada Santista,2026,18,202618,2026-05-03,119,21,61,58,119,0,0
Influenza,Baixada Santista,2026,19,202619,2026-05-10,88,8,55,33,88,0,0
Influenza,Baixada Santista,2026,20,202620,2026-05-17,121,21,56,65,121,0,0
Influenza,Baixada Santista,2026,21,202621,2026-05-24,146,22,63,83,146,0,0
Influenza,Baixada Santista,2026,22,202622,2026-05-31,121,15,61,60,121,0,0
Influenza,Baixada Santista,2026,23,202623,2026-06-07,132,20,57,75,132,0,0
Influenza,Baixada Santista,2026,24,202624,2026-06-14,135,11,65,70,135,0,0
Influenza,Baixada Santista,2026,25,202625,2026-06-21,104,9,48,56,104,0,0
Influenza,Baixada Santista,2026,26,202626,2026-06-28,113,9,49,64,113,0,0
Influenza,Baixada Santista,2026,27,202627,2026-07-05,115,11,53,62,115,0,0
Influenza,Baixada Santista,2026,28,202628,2026-07-12,84,7,49,35,84,0,0
Influenza,Baixada Santista,2026,29,202629,2026-07-19,71,5,35,36,71,0,0
Influenza,Baixada Santista,2026,30,202630,2026-07-26,53,3,31,22,53,0,0
Influenza,Baixada Santista,2026,31,202631,2026-08-02,52,1,24,28,52,0,0
Influenza,Baixada Santista,2026,32,202632,2026-08-09,48,2,19,29,48,0,0
Influenza,Baixada Santista,2026,33,202633,2026-08-16,53,1,21,32,53,0,0
Influenza,Baixada Santista,2026,34,202634,2026-08-23,62,0,27,35,62,0,0
Influenza,Baixada Santista,2026,35,202635,2026-08-30,40,1,19,21,40,0,0
Influenza,Baixada Santista,2026,36,202636,2026-09-06,24,1,10,14,24,0,0
Influenza,Baixada Santista,2026,37,202637,2026-09-13,4,0,1,3,4,0,0
Influenza,Cubatão,2021,1,202101,2021-01-03,11,0,4,7,11,0,0
Influenza,Cubatão,2021,2,202102,2021-01-10,16,0,10,6,16,0,0
Influenza,Cubatão,2021,3,202103,2021-01-17,17,0,8,9,17,0,0
Influenza,Cubatão,2021,4,202104,2021-01-24,13,0,6,7,13,0,0
Influenza,Cubatão,2021,5,202105,2021-01-31,9,0,4,5,9,0,0
Influenza,Cubatão,2021,6,202106,2021-02-07,13,0,5,8,13,0,0
Influenza,Cubatão,2021,7,202107,2021-02-14,18,0,11,7,18,0,0
Influenza,Cubatão,2021,8,202108,2021-02-21,18,0,9,9,18,0,0
Influenza,Cubatão,2021,9,202109,2021-02-28,31,0,18,13,31,0,0
Influenza,Cubatão,2021,10,202110,2021-03-07,44,0,28,16,44,0,0
Influenza,Cubatão,2021,11,202111,2021-03-14,43,0,22,21,43,0,0
Influenza,Cubatão,2021,12,202112,2021-03-21,38,0,22,16,38,0,0
Influenza,Cubatão,2021,13,202113,2021-03-28,33,0,14,19,33,0,0
Influenza,Cubatão,2021,14,202114,2021-04-04,20,0,11,9,20,0,0
Influenza,Cubatão,2021,15,202115,2021-04-11,34,0,15,19,34,0,0
Influenza,Cubatão,2021,16,202116,2021-04-18,25,0,13,12,25,0,0
Influenza,Cubatão,2021,17,202117,2021-04-25,31,0,15,16,31,0,0
Influenza,Cubatão,2021,18,202118,2021-05-02,21,0,8,13,21,0,0
Influenza,Cubatão,2021,19,202119,2021-05-09,33,0,14,19,33,0,0
Influenza,Cubatão,2021,20,202120,2021-05-16,41,0,21,20,41,0,0
Influenza,Cubatão,2021,21,202121,2021-05-23,37,0,16,21,37,0,0
Influenza,Cubatão,2021,22,202122,2021-05-30,30,0,14,16,30,0,0
Influenza,Cubatão,2021,23,202123,2021-06-06,41,0,18,23,41,0,0
Influenza,Cubatão,2021,24,202124,2021-06-13,26,0,15,11,26,0,0
Influenza,Cubatão,2021,25,202125,2021-06-20,22,0,15,7,22,0,0
Influenza,Cubatão,2021,26,202126,2021-06-27,16,0,5,11,16,0,0
Influenza,Cubatão,2021,27,202127,2021-07-04,17,0,8,9,17,0,0
Influenza,Cubatão,2021,28,202128,2021-07-11,14,0,8,6,14,0,0
Influenza,Cubatão,2021,29,202129,2021-07-18,18,0,7,11,18,0,0
Influenza,Cubatão,2021,30,202130,2021-07-25,8,0,2,6,8,0,0
Influenza,Cubatão,2021,31,202131,2021-08-01,4,0,2,2,4,0,0
Influenza,Cubatão,2021,32,202132,2021-08-08,11,0,6,5,11,0,0
Influenza,Cubatão,2021,33,202133,2021-08-15,7,0,3,4,7,0,0
Influenza,Cubatão,2021,34,202134,2021-08-22,9,0,7,2,9,0,0
Influenza,Cubatão,2021,35,202135,2021-08-29,12,0,5,7,12,0,0
Influenza,Cubatão,2021,36,202136,2021-09-05,7,0,2,5,7,0,0
Influenza,Cubatão,2021,37,202137,2021-09-12,11,0,2,9,11,0,0
Influenza,Cubatão,2021,38,202138,2021-09-19,19,0,10,9,19,0,0
Influenza,Cubatão,2021,39,202139,2021-09-26,35,0,17,18,35,0,0
Influenza,Cubatão,2021,40,202140,2021-10-03,16,0,6,10,16,0,0
Influenza,Cubatão,2021,41,202141,2021-10-10,8,0,4,4,8,0,0
Influenza,Cubatão,2021,42,202142,2021-10-17,1,0,0,1,1,0,0
Influenza,Cubatão,2021,43,202143,2021-10-24,9,0,5,4,9,0,0
Influenza,Cubatão,2021,44,202144,2021-10-31,9,0,3,6,9,0,0
Influenza,Cubatão,2021,45,202145,2021-11-07,5,0,1,4,5,0,0
Influenza,Cubatão,2021,46,202146,2021-11-14,8,0,4,4,8,0,0
Influenza,Cubatão,2021,47,202147,2021-11-21,7,0,4,3,7,0,0
Influenza,Cubatão,2021,48,202148,2021-11-28,11,0,4,7,11,0,0
Influenza,Cubatão,2021,49,202149,2021-12-05,11,2,6,5,11,0,0
Influenza,Cubatão,2021,50,202150,2021-12-12,35,0,20,15,35,0,0
Influenza,Cubatão,2021,51,202151,2021-12-19,25,5,18,7,25,0,0
Influenza,Cubatão,2021,52,202152,2021-12-26,30,3,19,11,30,0,0
Influenza,Cubatão,2022,1,202201,2022-01-02,18,3,5,13,18,0,0
Influenza,Cubatão,2022,2,202202,2022-01-09,16,0,7,9,16,0,0
Influenza,Cubatão,2022,3,202203,2022-01-16,18,0,11,7,18,0,0
Influenza,Cubatão,2022,4,202204,2022-01-23,10,1,5,5,10,0,0
Influenza,Cubatão,2022,5,202205,2022-01-30,8,1,4,4,8,0,0
Influenza,Cubatão,2022,6,202206,2022-02-06,8,0,4,4,8,0,0
Influenza,Cubatão,2022,7,202207,2022-02-13,7,0,6,1,7,0,0
Influenza,Cubatão,2022,8,202208,2022-02-20,4,0,1,3,4,0,0
Influenza,Cubatão,2022,9,202209,2022-02-27,3,0,1,2,3,0,0
Influenza,Cubatão,2022,10,202210,2022-03-06,2,0,0,2,2,0,0
Influenza,Cubatão,2022,11,202211,2022-03-13,10,0,3,7,10,0,0
Influenza,Cubatão,2022,12,202212,2022-03-20,1,0,0,1,1,0,0
Influenza,Cubatão,2022,13,202213,2022-03-27,4,0,1,3,4,0,0
Influenza,Cubatão,2022,14,202214,2022-04-03,4,0,2,2,4,0,0
Influenza,Cubatão,2022,15,202215,2022-04-10,4,0,1,3,4,0,0
Influenza,Cubatão,2022,16,202216,2022-04-17,1,0,0,1,1,0,0
Influenza,Cubatão,2022,17,202217,2022-04-24,2,0,0,2,2,0,0
Influenza,Cubatão,2022,18,202218,2022-05-01,7,0,2,5,7,0,0
Influenza,Cubatão,2022,19,202219,2022-05-08,1,0,0,1,1,0,0
Influenza,Cubatão,2022,20,202220,2022-05-15,3,0,1,2,3,0,0
Influenza,Cubatão,2022,21,202221,2022-05-22,3,0,2,1,3,0,0
Influenza,Cubatão,2022,22,202222,2022-05-29,3,0,1,2,3,0,0
Influenza,Cubatão,2022,23,202223,2022-06-05,2,0,2,0,2,0,0
Influenza,Cubatão,2022,24,202224,2022-06-12,4,0,2,2,4,0,0
Influenza,Cubatão,2022,25,202225,2022-06-19,5,0,2,3,5,0,0
Influenza,Cubatão,2022,26,202226,2022-06-26,6,0,4,2,6,0,0
Influenza,Cubatão,2022,27,202227,2022-07-03,5,0,4,1,5,0,0
Influenza,Cubatão,2022,28,202228,2022-07-10,3,0,1,2,3,0,0
Influenza,Cubatão,2022,29,202229,2022-07-17,4,0,2,2,4,0,0
Influenza,Cubatão,2022,30,202230,2022-07-24,7,0,5,2,7,0,0
Influenza,Cubatão,2022,31,202231,2022-07-31,3,0,3,0,3,0,0
Influenza,Cubatão,2022,32,202232,2022-08-07,6,0,4,2,6,0,0
Influenza,Cubatão,2022,33,202233,2022-08-14,3,0,2,1,3,0,0
Influenza,Cubatão,2022,34,202234,2022-08-21,2,0,1,1,2,0,0
Influenza,Cubatão,2022,35,202235,2022-08-28,2,0,2,0,2,0,0
Influenza,Cubatão,2022,36,202236,2022-09-04,2,0,0,2,2,0,0
Influenza,Cubatão,2022,40,202240,2022-10-02,1,0,1,0,1,0,0
Influenza,Cubatão,2022,41,202241,2022-10-09,1,0,1,0,1,0,0
Influenza,Cubatão,2022,42,202242,2022-10-16,2,0,2,0,2,0,0
Influenza,Cubatão,2022,45,202245,2022-11-06,1,0,0,1,1,0,0
Influenza,Cubatão,2022,46,202246,2022-11-13,1,0,1,0,1,0,0
Influenza,Cubatão,2022,51,202251,2022-12-18,1,0,1,0,1,0,0
Influenza,Cubatão,2023,2,202302,2023-01-08,1,0,0,1,1,0,0
Influenza,Cubatão,2023,4,202304,2023-01-22,1,0,1,0,1,0,0
Influenza,Cubatão,2023,20,202320,2023-05-14,2,0,0,2,2,0,0
Influenza,Cubatão,2023,23,202323,2023-06-04,1,0,1,0,1,0,0
Influenza,Cubatão,2023,26,202326,2023-06-25,2,0,2,0,2,0,0
Influenza,Cubatão,2023,31,202331,2023-07-30,1,0,1,0,1,0,0
Influenza,Cubatão,2023,38,202338,2023-09-17,1,0,0,1,1,0,0
Influenza,Cubatão,2023,39,202339,2023-09-24,1,0,0,1,1,0,0
Influenza,Cubatão,2023,40,202340,2023-10-01,1,0,1,0,1,0,0
Influenza,Cubatão,2023,41,202341,2023-10-08,2,0,1,1,2,0,0
Influenza,Cubatão,2023,42,202342,2023-10-15,1,0,0,1,1,0,0
Influenza,Cubatão,2023,44,202344,2023-10-29,2,0,2,0,2,0,0
Influenza,Cubatão,2023,45,202345,2023-11-05,3,0,2,1,3,0,0
Influenza,Cubatão,2023,47,202347,2023-11-19,1,0,1,0,1,0,0
Influenza,Cubatão,2023,50,202350,2023-12-10,1,0,1,0,1,0,0
Influenza,Cubatão,2023,51,202351,2023-12-17,1,0,0,1,1,0,0
Influenza,Cubatão,2024,2,202402,2024-01-14,2,0,0,2,2,0,0
Influenza,Cubatão,2024,5,202405,2024-02-04,3,0,3,0,3,0,0
Influenza,Cubatão,2024,6,202406,2024-02-11,2,0,1,1,2,0,0
Influenza,Cubatão,2024,7,202407,2024-02-18,2,0,0,2,2,0,0
Influenza,Cubatão,2024,8,202408,2024-02-25,3,0,1,2,3,0,0
Influenza,Cubatão,2024,9,202409,2024-03-03,3,0,1,2,3,0,0
Influenza,Cubatão,2024,10,202410,2024-03-10,1,0,0,1,1,0,0
Influenza,Cubatão,2024,11,202411,2024-03-17,2,0,2,0,2,0,0
Influenza,Cubatão,2024,12,202412,2024-03-24,1,1,1,0,1,0,0
Influenza,Cubatão,2024,13,202413,2024-03-31,1,0,1,0,1,0,0
Influenza,Cubatão,2024,16,202416,2024-04-21,2,1,1,1,2,0,0
Influenza,Cubatão,2024,18,202418,2024-05-05,1,0,1,0,1,0,0
Influenza,Cubatão,2024,20,202420,2024-05-19,2,0,2,0,2,0,0
Influenza,Cubatão,2024,22,202422,2024-06-02,1,0,0,1,1,0,0
Influenza,Cubatão,2024,23,202423,2024-06-09,1,0,0,1,1,0,0
Influenza,Cubatão,2024,25,202425,2024-06-23,1,0,1,0,1,0,0
Influenza,Cubatão,2024,30,202430,2024-07-28,3,0,3,0,3,0,0
Influenza,Cubatão,2024,31,202431,2024-08-04,3,0,2,1,3,0,0
Influenza,Cubatão,2024,32,202432,2024-08-11,1,0,1,0,1,0,0
Influenza,Cubatão,2024,33,202433,2024-08-18,4,0,3,1,4,0,0
Influenza,Cubatão,2024,35,202435,2024-09-01,1,0,1,0,1,0,0
Influenza,Cubatão,2024,39,202439,2024-09-29,1,0,1,0,1,0,0
Influenza,Cubatão,2024,40,202440,2024-10-06,1,0,1,0,1,0,0
Influenza,Cubatão,2024,41,202441,2024-10-13,2,0,1,1,2,0,0
Influenza,Cubatão,2024,43,202443,2024-10-27,1,0,0,1,1,0,0
Influenza,Cubatão,2024,44,202444,2024-11-03,1,0,0,1,1,0,0
Influenza,Cubatão,2024,47,202447,2024-11-24,1,0,1,0,1,0,0
Influenza,Cubatão,2024,48,202448,2024-12-01,1,0,0,1,1,0,0
Influenza,Cubatão,2024,49,202449,2024-12-08,1,0,1,0,1,0,0
Influenza,Cubatão,2024,51,202451,2024-12-22,1,0,0,1,1,0,0
Influenza,Cubatão,2025,1,202501,2025-01-05,1,0,1,0,1,0,0
Influenza,Cubatão,2025,2,202502,2025-01-12,1,0,1,0,1,0,0
Influenza,Cubatão,2025,3,202503,2025-01-19,2,0,1,1,2,0,0
Influenza,Cubatão,2025,4,202504,2025-01-26,1,0,0,1,1,0,0
Influenza,Cubatão,2025,7,202507,2025-02-16,3,0,2,1,3,0,0
Influenza,Cubatão,2025,8,202508,2025-02-23,1,0,0,1,1,0,0
Influenza,Cubatão,2025,9,202509,2025-03-02,1,0,1,0,1,0,0
Influenza,Cubatão,2025,10,202510,2025-03-09,1,0,1,0,1,0,0
Influenza,Cubatão,2025,11,202511,2025-03-16,1,0,1,0,1,0,0
Influenza,Cubatão,2025,15,202515,2025-04-13,1,0,0,1,1,0,0
Influenza,Cubatão,2025,16,202516,2025-04-20,2,0,1,1,2,0,0
Influenza,Cubatão,2025,17,202517,2025-04-27,2,0,1,1,2,0,0
Influenza,Cubatão,2025,18,202518,2025-05-04,3,0,0,3,3,0,0
Influenza,Cubatão,2025,19,202519,2025-05-11,5,1,3,2,5,0,0
Influenza,Cubatão,2025,20,202520,2025-05-18,1,0,1,0,1,0,0
Influenza,Cubatão,2025,21,202521,2025-05-25,1,0,0,1,1,0,0
Influenza,Cubatão,2025,23,202523,2025-06-08,2,0,0,2,2,0,0
Influenza,Cubatão,2025,24,202524,2025-06-15,3,0,0,3,3,0,0
Influenza,Cubatão,2025,25,202525,2025-06-22,5,0,4,1,5,0,0
Influenza,Cubatão,2025,26,202526,2025-06-29,4,0,3,1,4,0,0
Influenza,Cubatão,2025,27,202527,2025-07-06,2,1,0,2,2,0,0
Influenza,Cubatão,2025,28,202528,2025-07-13,1,0,0,1,1,0,0
Influenza,Cubatão,2025,31,202531,2025-08-03,1,0,1,0,1,0,0
Influenza,Cubatão,2025,34,202534,2025-08-24,1,0,0,1,1,0,0
Influenza,Cubatão,2025,36,202536,2025-09-07,3,0,1,2,3,0,0
Influenza,Cubatão,2025,38,202538,2025-09-21,1,0,1,0,1,0,0
Influenza,Cubatão,2025,39,202539,2025-09-28,1,0,1,0,1,0,0
Influenza,Cubatão,2025,40,202540,2025-10-05,5,1,3,2,5,0,0
Influenza,Cubatão,2025,41,202541,2025-10-12,4,0,0,4,4,0,0
Influenza,Cubatão,2025,42,202542,2025-10-19,3,0,1,2,3,0,0
Influenza,Cubatão,2025,43,202543,2025-10-26,1,0,0,1,1,0,0
Influenza,Cubatão,2025,44,202544,2025-11-02,2,0,0,2,2,0,0
Influenza,Cubatão,2025,45,202545,2025-11-09,2,0,1,1,2,0,0
Influenza,Cubatão,2025,46,202546,2025-11-16,1,0,0,1,1,0,0
Influenza,Cubatão,2025,47,202547,2025-11-23,1,0,0,1,1,0,0
Influenza,Cubatão,2025,48,202548,2025-11-30,1,0,1,0,1,0,0
Influenza,Cubatão,2025,49,202549,2025-12-07,3,0,0,3,3,0,0
Influenza,Cubatão,2025,50,202550,2025-12-14,1,0,1,0,1,0,0
Influenza,Cubatão,2026,3,202603,2026-01-18,2,0,1,1,2,0,0
Influenza,Cubatão,2026,4,202604,2026-01-25,1,0,1,0,1,0,0
Influenza,Cubatão,2026,5,202605,2026-02-01,2,0,1,1,2,0,0
Influenza,Cubatão,2026,6,202606,2026-02-08,1,0,1,0,1,0,0
Influenza,Cubatão,2026,7,202607,2026-02-15,1,0,1,0,1,0,0
Influenza,Cubatão,2026,8,202608,2026-02-22,2,0,1,1,2,0,0
Influenza,Cubatão,2026,9,202609,2026-03-01,1,0,0,1,1,0,0
Influenza,Cubatão,2026,10,202610,2026-03-08,1,0,1,0,1,0,0
Influenza,Cubatão,2026,12,202612,2026-03-22,2,0,0,2,2,0,0
Influenza,Cubatão,2026,13,202613,2026-03-29,2,1,0,2,2,0,0
Influenza,Cubatão,2026,14,202614,2026-04-05,3,0,3,0,3,0,0
Influenza,Cubatão,2026,15,202615,2026-04-12,2,1,0,2,2,0,0
Influenza,Cubatão,2026,16,202616,2026-04-19,1,0,0,1,1,0,0
Influenza,Cubatão,2026,17,202617,2026-04-26,4,1,1,3,4,0,0
Influenza,Cubatão,2026,18,202618,2026-05-03,4,1,4,0,4,0,0
Influenza,Cubatão,2026,19,202619,2026-05-10,7,0,4,3,7,0,0
Influenza,Cubatão,2026,20,202620,2026-05-17,5,0,2,3,5,0,0
Influenza,Cubatão,2026,21,202621,2026-05-24,9,0,2,7,9,0,0
Influenza,Cubatão,2026,22,202622,2026-05-31,8,0,3,5,8,0,0
Influenza,Cubatão,2026,23,202623,2026-06-07,7,0,3,4,7,0,0
Influenza,Cubatão,2026,24,202624,2026-06-14,6,1,4,2,6,0,0
Influenza,Cubatão,2026,25,202625,2026-06-21,5,1,3,2,5,0,0
Influenza,Cubatão,2026,26,202626,2026-06-28,2,0,2,0,2,0,0
Influenza,Cubatão,2026,27,202627,2026-07-05,5,0,2,3,5,0,0
Influenza,Cubatão,2026,28,202628,2026-07-12,4,0,2,2,4,0,0
Influenza,Cubatão,2026,29,202629,2026-07-19,3,0,0,3,3,0,0
Influenza,Cubatão,2026,30,202630,2026-07-26,2,0,2,0,2,0,0
Influenza,Cubatão,2026,31,202631,2026-08-02,2,0,1,1,2,0,0
Influenza,Cubatão,2026,32,202632,2026-08-09,2,0,2,0,2,0,0
Influenza,Cubatão,2026,34,202634,2026-08-23,3,0,2,1,3,0,0
Influenza,Cubatão,2026,36,202636,2026-09-06,2,0,1,1,2,0,0
Influenza,Estado de São Paulo,2021,1,202101,2021-01-03,10831,10,4998,5833,10831,0,0
Influenza,Estado de São Paulo,2021,2,202102,2021-01-10,10227,6,4687,5540,10227,0,0
Influenza,Estado de São Paulo,2021,3,202103,2021-01-17,9297,8,4194,5103,9297,0,0
Influenza,Estado de São Paulo,2021,4,202104,2021-01-24,8769,6,4010,4759,8769,0,0
Influenza,Estado de São Paulo,2021,5,202105,2021-01-31,9747,4,4551,5195,9747,0,0
Influenza,Estado de São Paulo,2021,6,202106,2021-02-07,10186,2,4615,5570,10186,0,0
Influenza,Estado de São Paulo,2021,7,202107,2021-02-14,13276,14,5988,7288,13276,0,0
Influenza,Estado de São Paulo,2021,8,202108,2021-02-21,14349,14,6589,7760,14349,0,0
Influenza,Estado de São Paulo,2021,9,202109,2021-02-28,21169,8,9533,11636,21169,0,0
Influenza,Estado de São Paulo,2021,10,202110,2021-03-07,23407,10,10472,12935,23407,0,0
Influenza,Estado de São Paulo,2021,11,202111,2021-03-14,23525,17,10624,12901,23525,0,0
Influenza,Estado de São Paulo,2021,12,202112,2021-03-21,18032,8,8090,9941,18032,0,0
Influenza,Estado de São Paulo,2021,13,202113,2021-03-28,16060,5,7288,8772,16060,0,0
Influenza,Estado de São Paulo,2021,14,202114,2021-04-04,15089,9,6890,8199,15089,0,0
Influenza,Estado de São Paulo,2021,15,202115,2021-04-11,13385,10,5903,7481,13385,0,0
Influenza,Estado de São Paulo,2021,16,202116,2021-04-18,13659,11,5924,7735,13659,0,0
Influenza,Estado de São Paulo,2021,17,202117,2021-04-25,14541,8,6266,8275,14541,0,0
Influenza,Estado de São Paulo,2021,18,202118,2021-05-02,14733,11,6435,8298,14733,0,0
Influenza,Estado de São Paulo,2021,19,202119,2021-05-09,16868,5,7315,9553,16868,0,0
Influenza,Estado de São Paulo,2021,20,202120,2021-05-16,16839,15,7116,9723,16839,0,0
Influenza,Estado de São Paulo,2021,21,202121,2021-05-23,17592,19,7378,10214,17592,0,0
Influenza,Estado de São Paulo,2021,22,202122,2021-05-30,17701,15,7390,10311,17701,0,0
Influenza,Estado de São Paulo,2021,23,202123,2021-06-06,15223,11,6505,8718,15223,0,0
Influenza,Estado de São Paulo,2021,24,202124,2021-06-13,13151,22,5489,7661,13151,0,0
Influenza,Estado de São Paulo,2021,25,202125,2021-06-20,11504,12,4888,6616,11504,0,0
Influenza,Estado de São Paulo,2021,26,202126,2021-06-27,10222,5,4306,5916,10222,0,0
Influenza,Estado de São Paulo,2021,27,202127,2021-07-04,9080,12,3916,5164,9080,0,0
Influenza,Estado de São Paulo,2021,28,202128,2021-07-11,7459,6,3300,4159,7459,0,0
Influenza,Estado de São Paulo,2021,29,202129,2021-07-18,7076,5,3181,3895,7076,0,0
Influenza,Estado de São Paulo,2021,30,202130,2021-07-25,6051,8,2729,3322,6051,0,0
Influenza,Estado de São Paulo,2021,31,202131,2021-08-01,6470,6,2947,3523,6470,0,0
Influenza,Estado de São Paulo,2021,32,202132,2021-08-08,5410,4,2478,2932,5410,0,0
Influenza,Estado de São Paulo,2021,33,202133,2021-08-15,5063,7,2406,2657,5063,0,0
Influenza,Estado de São Paulo,2021,34,202134,2021-08-22,4359,7,2099,2260,4359,0,0
Influenza,Estado de São Paulo,2021,35,202135,2021-08-29,4435,7,2090,2345,4435,0,0
Influenza,Estado de São Paulo,2021,36,202136,2021-09-05,4163,9,1948,2215,4163,0,0
Influenza,Estado de São Paulo,2021,37,202137,2021-09-12,3952,12,1896,2056,3952,0,0
Influenza,Estado de São Paulo,2021,38,202138,2021-09-19,3860,5,1797,2062,3860,0,0
Influenza,Estado de São Paulo,2021,39,202139,2021-09-26,3753,11,1791,1962,3753,0,0
Influenza,Estado de São Paulo,2021,40,202140,2021-10-03,3148,11,1533,1615,3148,0,0
Influenza,Estado de São Paulo,2021,41,202141,2021-10-10,3245,12,1570,1675,3245,0,0
Influenza,Estado de São Paulo,2021,42,202142,2021-10-17,2912,11,1346,1566,2912,0,0
Influenza,Estado de São Paulo,2021,43,202143,2021-10-24,2747,8,1328,1419,2747,0,0
Influenza,Estado de São Paulo,2021,44,202144,2021-10-31,2956,17,1396,1560,2956,0,0
Influenza,Estado de São Paulo,2021,45,202145,2021-11-07,2661,11,1289,1372,2661,0,0
Influenza,Estado de São Paulo,2021,46,202146,2021-11-14,2872,20,1399,1473,2872,0,0
Influenza,Estado de São Paulo,2021,47,202147,2021-11-21,2573,49,1257,1316,2573,0,0
Influenza,Estado de São Paulo,2021,48,202148,2021-11-28,2706,112,1268,1438,2706,0,0
Influenza,Estado de São Paulo,2021,49,202149,2021-12-05,3113,362,1534,1579,3113,0,0
Influenza,Estado de São Paulo,2021,50,202150,2021-12-12,4128,1041,2137,1991,4128,0,0
Influenza,Estado de São Paulo,2021,51,202151,2021-12-19,5546,1483,2983,2563,5546,0,0
Influenza,Estado de São Paulo,2021,52,202152,2021-12-26,6878,1339,3737,3141,6878,0,0
Influenza,Estado de São Paulo,2022,1,202201,2022-01-02,8519,916,4425,4094,8519,0,0
Influenza,Estado de São Paulo,2022,2,202202,2022-01-09,10037,421,4915,5122,10037,0,0
Influenza,Estado de São Paulo,2022,3,202203,2022-01-16,10418,154,5024,5394,10418,0,0
Influenza,Estado de São Paulo,2022,4,202204,2022-01-23,7897,51,3816,4081,7897,0,0
Influenza,Estado de São Paulo,2022,5,202205,2022-01-30,6229,44,3002,3227,6229,0,0
Influenza,Estado de São Paulo,2022,6,202206,2022-02-06,4519,35,2157,2362,4519,0,0
Influenza,Estado de São Paulo,2022,7,202207,2022-02-13,3621,20,1728,1893,3621,0,0
Influenza,Estado de São Paulo,2022,8,202208,2022-02-20,2946,24,1417,1529,2946,0,0
Influenza,Estado de São Paulo,2022,9,202209,2022-02-27,2669,34,1239,1430,2669,0,0
Influenza,Estado de São Paulo,2022,10,202210,2022-03-06,2153,18,1025,1128,2153,0,0
Influenza,Estado de São Paulo,2022,11,202211,2022-03-13,1992,28,949,1043,1992,0,0
Influenza,Estado de São Paulo,2022,12,202212,2022-03-20,2184,24,1020,1164,2184,0,0
Influenza,Estado de São Paulo,2022,13,202213,2022-03-27,2009,13,930,1079,2009,0,0
Influenza,Estado de São Paulo,2022,14,202214,2022-04-03,2051,20,978,1073,2051,0,0
Influenza,Estado de São Paulo,2022,15,202215,2022-04-10,1990,19,963,1027,1990,0,0
Influenza,Estado de São Paulo,2022,16,202216,2022-04-17,2169,34,1059,1110,2169,0,0
Influenza,Estado de São Paulo,2022,17,202217,2022-04-24,2069,23,977,1092,2069,0,0
Influenza,Estado de São Paulo,2022,18,202218,2022-05-01,2380,30,1195,1185,2380,0,0
Influenza,Estado de São Paulo,2022,19,202219,2022-05-08,2669,33,1347,1322,2669,0,0
Influenza,Estado de São Paulo,2022,20,202220,2022-05-15,3086,41,1557,1529,3086,0,0
Influenza,Estado de São Paulo,2022,21,202221,2022-05-22,3929,41,2003,1926,3929,0,0
Influenza,Estado de São Paulo,2022,22,202222,2022-05-29,4295,28,2099,2196,4295,0,0
Influenza,Estado de São Paulo,2022,23,202223,2022-06-05,4233,29,2173,2060,4233,0,0
Influenza,Estado de São Paulo,2022,24,202224,2022-06-12,4156,21,2136,2020,4156,0,0
Influenza,Estado de São Paulo,2022,25,202225,2022-06-19,4357,32,2171,2186,4357,0,0
Influenza,Estado de São Paulo,2022,26,202226,2022-06-26,4086,24,2071,2015,4086,0,0
Influenza,Estado de São Paulo,2022,27,202227,2022-07-03,3458,26,1701,1757,3458,0,0
Influenza,Estado de São Paulo,2022,28,202228,2022-07-10,3003,19,1467,1536,3003,0,0
Influenza,Estado de São Paulo,2022,29,202229,2022-07-17,2204,16,1133,1071,2204,0,0
Influenza,Estado de São Paulo,2022,30,202230,2022-07-24,1798,18,888,910,1798,0,0
Influenza,Estado de São Paulo,2022,31,202231,2022-07-31,2001,18,977,1024,2001,0,0
Influenza,Estado de São Paulo,2022,32,202232,2022-08-07,1847,15,909,938,1847,0,0
Influenza,Estado de São Paulo,2022,33,202233,2022-08-14,1871,26,905,966,1871,0,0
Influenza,Estado de São Paulo,2022,34,202234,2022-08-21,1613,37,766,847,1613,0,0
Influenza,Estado de São Paulo,2022,35,202235,2022-08-28,1548,71,731,817,1548,0,0
Influenza,Estado de São Paulo,2022,36,202236,2022-09-04,1573,116,748,825,1573,0,0
Influenza,Estado de São Paulo,2022,37,202237,2022-09-11,1457,161,722,735,1457,0,0
Influenza,Estado de São Paulo,2022,38,202238,2022-09-18,1587,202,758,829,1587,0,0
Influenza,Estado de São Paulo,2022,39,202239,2022-09-25,1613,213,805,808,1613,0,0
Influenza,Estado de São Paulo,2022,40,202240,2022-10-02,1613,198,800,813,1613,0,0
Influenza,Estado de São Paulo,2022,41,202241,2022-10-09,1648,151,807,841,1648,0,0
Influenza,Estado de São Paulo,2022,42,202242,2022-10-16,1642,125,795,847,1642,0,0
Influenza,Estado de São Paulo,2022,43,202243,2022-10-23,1618,92,822,796,1618,0,0
Influenza,Estado de São Paulo,2022,44,202244,2022-10-30,1926,58,957,969,1926,0,0
Influenza,Estado de São Paulo,2022,45,202245,2022-11-06,3003,55,1489,1514,3003,0,0
Influenza,Estado de São Paulo,2022,46,202246,2022-11-13,3228,51,1669,1559,3228,0,0
Influenza,Estado de São Paulo,2022,47,202247,2022-11-20,2850,36,1407,1443,2850,0,0
Influenza,Estado de São Paulo,2022,48,202248,2022-11-27,2568,14,1320,1248,2568,0,0
Influenza,Estado de São Paulo,2022,49,202249,2022-12-04,2593,24,1292,1301,2593,0,0
Influenza,Estado de São Paulo,2022,50,202250,2022-12-11,2439,23,1240,1199,2439,0,0
Influenza,Estado de São Paulo,2022,51,202251,2022-12-18,2244,19,1122,1122,2244,0,0
Influenza,Estado de São Paulo,2022,52,202252,2022-12-25,1959,19,986,973,1959,0,0
Influenza,Estado de São Paulo,2023,1,202301,2023-01-01,1710,13,859,850,1710,0,0
Influenza,Estado de São Paulo,2023,2,202302,2023-01-08,1399,14,678,721,1399,0,0
Influenza,Estado de São Paulo,2023,3,202303,2023-01-15,1340,21,645,695,1340,0,0
Influenza,Estado de São Paulo,2023,4,202304,2023-01-22,1213,12,611,602,1213,0,0
Influenza,Estado de São Paulo,2023,5,202305,2023-01-29,1483,34,713,770,1483,0,0
Influenza,Estado de São Paulo,2023,6,202306,2023-02-05,2024,44,960,1064,2024,0,0
Influenza,Estado de São Paulo,2023,7,202307,2023-02-12,2377,35,1150,1227,2377,0,0
Influenza,Estado de São Paulo,2023,8,202308,2023-02-19,2171,70,1045,1126,2171,0,0
Influenza,Estado de São Paulo,2023,9,202309,2023-02-26,2288,90,1078,1210,2288,0,0
Influenza,Estado de São Paulo,2023,10,202310,2023-03-05,2451,83,1185,1266,2451,0,0
Influenza,Estado de São Paulo,2023,11,202311,2023-03-12,2448,121,1244,1204,2448,0,0
Influenza,Estado de São Paulo,2023,12,202312,2023-03-19,2452,164,1207,1245,2452,0,0
Influenza,Estado de São Paulo,2023,13,202313,2023-03-26,2183,166,1064,1119,2183,0,0
Influenza,Estado de São Paulo,2023,14,202314,2023-04-02,1907,181,945,962,1907,0,0
Influenza,Estado de São Paulo,2023,15,202315,2023-04-09,1995,210,962,1033,1995,0,0
Influenza,Estado de São Paulo,2023,16,202316,2023-04-16,1699,202,838,861,1699,0,0
Influenza,Estado de São Paulo,2023,17,202317,2023-04-23,1619,203,774,845,1619,0,0
Influenza,Estado de São Paulo,2023,18,202318,2023-04-30,1821,257,905,916,1821,0,0
Influenza,Estado de São Paulo,2023,19,202319,2023-05-07,1696,240,839,857,1696,0,0
Influenza,Estado de São Paulo,2023,20,202320,2023-05-14,1880,269,946,934,1880,0,0
Influenza,Estado de São Paulo,2023,21,202321,2023-05-21,1880,298,902,978,1880,0,0
Influenza,Estado de São Paulo,2023,22,202322,2023-05-28,1701,224,876,825,1701,0,0
Influenza,Estado de São Paulo,2023,23,202323,2023-06-04,1573,207,735,838,1573,0,0
Influenza,Estado de São Paulo,2023,24,202324,2023-06-11,1436,147,704,732,1436,0,0
Influenza,Estado de São Paulo,2023,25,202325,2023-06-18,1588,116,782,806,1588,0,0
Influenza,Estado de São Paulo,2023,26,202326,2023-06-25,1535,71,746,789,1535,0,0
Influenza,Estado de São Paulo,2023,27,202327,2023-07-02,1418,70,716,702,1418,0,0
Influenza,Estado de São Paulo,2023,28,202328,2023-07-09,1206,63,575,631,1206,0,0
Influenza,Estado de São Paulo,2023,29,202329,2023-07-16,978,34,463,515,978,0,0
Influenza,Estado de São Paulo,2023,30,202330,2023-07-23,998,24,519,479,998,0,0
Influenza,Estado de São Paulo,2023,31,202331,2023-07-30,1184,33,587,597,1184,0,0
Influenza,Estado de São Paulo,2023,32,202332,2023-08-06,1246,23,586,660,1246,0,0
Influenza,Estado de São Paulo,2023,33,202333,2023-08-13,1268,18,590,678,1268,0,0
Influenza,Estado de São Paulo,2023,34,202334,2023-08-20,1146,21,549,597,1146,0,0
Influenza,Estado de São Paulo,2023,35,202335,2023-08-27,1133,14,569,564,1133,0,0
Influenza,Estado de São Paulo,2023,36,202336,2023-09-03,1129,12,585,544,1129,0,0
Influenza,Estado de São Paulo,2023,37,202337,2023-09-10,1234,10,596,638,1234,0,0
Influenza,Estado de São Paulo,2023,38,202338,2023-09-17,1327,15,659,668,1327,0,0
Influenza,Estado de São Paulo,2023,39,202339,2023-09-24,1281,6,647,634,1281,0,0
Influenza,Estado de São Paulo,2023,40,202340,2023-10-01,1472,15,739,733,1472,0,0
Influenza,Estado de São Paulo,2023,41,202341,2023-10-08,1547,15,722,825,1547,0,0
Influenza,Estado de São Paulo,2023,42,202342,2023-10-15,1716,20,842,874,1716,0,0
Influenza,Estado de São Paulo,2023,43,202343,2023-10-22,1731,12,857,874,1731,0,0
Influenza,Estado de São Paulo,2023,44,202344,2023-10-29,1452,18,742,710,1452,0,0
Influenza,Estado de São Paulo,2023,45,202345,2023-11-05,1346,14,679,667,1346,0,0
Influenza,Estado de São Paulo,2023,46,202346,2023-11-12,1214,8,598,616,1214,0,0
Influenza,Estado de São Paulo,2023,47,202347,2023-11-19,1015,8,463,552,1015,0,0
Influenza,Estado de São Paulo,2023,48,202348,2023-11-26,907,10,443,464,907,0,0
Influenza,Estado de São Paulo,2023,49,202349,2023-12-03,872,13,424,448,872,0,0
Influenza,Estado de São Paulo,2023,50,202350,2023-12-10,849,14,403,446,849,0,0
Influenza,Estado de São Paulo,2023,51,202351,2023-12-17,663,8,312,351,663,0,0
Influenza,Estado de São Paulo,2023,52,202352,2023-12-24,618,13,299,319,618,0,0
Influenza,Estado de São Paulo,2024,1,202401,2024-01-07,724,16,375,349,724,0,0
Influenza,Estado de São Paulo,2024,2,202402,2024-01-14,570,18,287,283,570,0,0
Influenza,Estado de São Paulo,2024,3,202403,2024-01-21,627,17,294,333,627,0,0
Influenza,Estado de São Paulo,2024,4,202404,2024-01-28,690,21,334,356,690,0,0
Influenza,Estado de São Paulo,2024,5,202405,2024-02-04,916,42,450,466,916,0,0
Influenza,Estado de São Paulo,2024,6,202406,2024-02-11,1179,46,601,578,1179,0,0
Influenza,Estado de São Paulo,2024,7,202407,2024-02-18,1404,64,715,689,1404,0,0
Influenza,Estado de São Paulo,2024,8,202408,2024-02-25,1697,92,884,813,1697,0,0
Influenza,Estado de São Paulo,2024,9,202409,2024-03-03,1682,87,825,857,1682,0,0
Influenza,Estado de São Paulo,2024,10,202410,2024-03-10,1483,103,703,780,1483,0,0
Influenza,Estado de São Paulo,2024,11,202411,2024-03-17,1561,128,749,812,1561,0,0
Influenza,Estado de São Paulo,2024,12,202412,2024-03-24,1412,143,672,740,1412,0,0
Influenza,Estado de São Paulo,2024,13,202413,2024-03-31,1494,171,721,773,1494,0,0
Influenza,Estado de São Paulo,2024,14,202414,2024-04-07,1849,250,908,941,1849,0,0
Influenza,Estado de São Paulo,2024,15,202415,2024-04-14,1880,312,884,996,1880,0,0
Influenza,Estado de São Paulo,2024,16,202416,2024-04-21,1929,329,905,1024,1929,0,0
Influenza,Estado de São Paulo,2024,17,202417,2024-04-28,1829,319,887,942,1829,0,0
Influenza,Estado de São Paulo,2024,18,202418,2024-05-05,1708,292,849,859,1708,0,0
Influenza,Estado de São Paulo,2024,19,202419,2024-05-12,1500,253,730,770,1500,0,0
Influenza,Estado de São Paulo,2024,20,202420,2024-05-19,1495,245,743,751,1495,0,0
Influenza,Estado de São Paulo,2024,21,202421,2024-05-26,1371,200,669,702,1371,0,0
Influenza,Estado de São Paulo,2024,22,202422,2024-06-02,1378,220,709,669,1378,0,0
Influenza,Estado de São Paulo,2024,23,202423,2024-06-09,1578,250,762,816,1578,0,0
Influenza,Estado de São Paulo,2024,24,202424,2024-06-16,1640,243,801,838,1640,0,0
Influenza,Estado de São Paulo,2024,25,202425,2024-06-23,1639,278,813,825,1639,0,0
Influenza,Estado de São Paulo,2024,26,202426,2024-06-30,1424,235,695,729,1424,0,0
Influenza,Estado de São Paulo,2024,27,202427,2024-07-07,1457,255,714,743,1457,0,0
Influenza,Estado de São Paulo,2024,28,202428,2024-07-14,1175,178,579,596,1175,0,0
Influenza,Estado de São Paulo,2024,29,202429,2024-07-21,1140,147,565,575,1140,0,0
Influenza,Estado de São Paulo,2024,30,202430,2024-07-28,1137,135,576,561,1137,0,0
Influenza,Estado de São Paulo,2024,31,202431,2024-08-04,1204,122,608,594,1204,0,0
Influenza,Estado de São Paulo,2024,32,202432,2024-08-11,1455,72,684,770,1455,0,0
Influenza,Estado de São Paulo,2024,33,202433,2024-08-18,1686,137,855,831,1686,0,0
Influenza,Estado de São Paulo,2024,34,202434,2024-08-25,1817,159,916,900,1817,0,0
Influenza,Estado de São Paulo,2024,35,202435,2024-09-01,1621,149,822,799,1621,0,0
Influenza,Estado de São Paulo,2024,36,202436,2024-09-08,1622,164,818,803,1622,0,0
Influenza,Estado de São Paulo,2024,37,202437,2024-09-15,1541,204,798,743,1541,0,0
Influenza,Estado de São Paulo,2024,38,202438,2024-09-22,1360,198,676,684,1360,0,0
Influenza,Estado de São Paulo,2024,39,202439,2024-09-29,1267,195,594,672,1267,0,0
Influenza,Estado de São Paulo,2024,40,202440,2024-10-06,1264,177,655,609,1264,0,0
Influenza,Estado de São Paulo,2024,41,202441,2024-10-13,1184,189,586,598,1184,0,0
Influenza,Estado de São Paulo,2024,42,202442,2024-10-20,1090,151,527,563,1090,0,0
Influenza,Estado de São Paulo,2024,43,202443,2024-10-27,1092,137,538,553,1092,0,0
Influenza,Estado de São Paulo,2024,44,202444,2024-11-03,1131,124,544,587,1131,0,0
Influenza,Estado de São Paulo,2024,45,202445,2024-11-10,1055,108,547,508,1055,0,0
Influenza,Estado de São Paulo,2024,46,202446,2024-11-17,1137,96,555,582,1137,0,0
Influenza,Estado de São Paulo,2024,47,202447,2024-11-24,1140,93,565,575,1140,0,0
Influenza,Estado de São Paulo,2024,48,202448,2024-12-01,1128,85,527,600,1128,0,0
Influenza,Estado de São Paulo,2024,49,202449,2024-12-08,1085,95,515,570,1085,0,0
Influenza,Estado de São Paulo,2024,50,202450,2024-12-15,1065,83,544,520,1065,0,0
Influenza,Estado de São Paulo,2024,51,202451,2024-12-22,960,68,467,493,960,0,0
Influenza,Estado de São Paulo,2024,52,202452,2024-12-29,842,58,433,409,842,0,0
Influenza,Estado de São Paulo,2025,1,202501,2025-01-05,1616,130,830,786,1616,0,0
Influenza,Estado de São Paulo,2025,2,202502,2025-01-12,817,60,402,415,817,0,0
Influenza,Estado de São Paulo,2025,3,202503,2025-01-19,815,49,396,419,815,0,0
Influenza,Estado de São Paulo,2025,4,202504,2025-01-26,795,47,382,413,795,0,0
Influenza,Estado de São Paulo,2025,5,202505,2025-02-02,700,36,351,349,700,0,0
Influenza,Estado de São Paulo,2025,6,202506,2025-02-09,898,49,462,436,898,0,0
Influenza,Estado de São Paulo,2025,7,202507,2025-02-16,1201,59,592,608,1201,0,0
Influenza,Estado de São Paulo,2025,8,202508,2025-02-23,1332,58,654,678,1332,0,0
Influenza,Estado de São Paulo,2025,9,202509,2025-03-02,1284,63,646,638,1284,0,0
Influenza,Estado de São Paulo,2025,10,202510,2025-03-09,1170,70,548,622,1170,0,0
Influenza,Estado de São Paulo,2025,11,202511,2025-03-16,1114,80,569,545,1114,0,0
Influenza,Estado de São Paulo,2025,12,202512,2025-03-23,1267,83,617,650,1267,0,0
Influenza,Estado de São Paulo,2025,13,202513,2025-03-30,1465,140,697,768,1465,0,0
Influenza,Estado de São Paulo,2025,14,202514,2025-04-06,1618,189,810,808,1618,0,0
Influenza,Estado de São Paulo,2025,15,202515,2025-04-13,1793,288,829,964,1793,0,0
Influenza,Estado de São Paulo,2025,16,202516,2025-04-20,2001,431,950,1051,2001,0,0
Influenza,Estado de São Paulo,2025,17,202517,2025-04-27,2306,616,1167,1139,2306,0,0
Influenza,Estado de São Paulo,2025,18,202518,2025-05-04,2539,749,1238,1301,2539,0,0
Influenza,Estado de São Paulo,2025,19,202519,2025-05-11,2739,919,1396,1343,2739,0,0
Influenza,Estado de São Paulo,2025,20,202520,2025-05-18,3070,1125,1609,1461,3070,0,0
Influenza,Estado de São Paulo,2025,21,202521,2025-05-25,3158,1216,1621,1537,3158,0,0
Influenza,Estado de São Paulo,2025,22,202522,2025-06-01,2773,940,1425,1347,2773,0,0
Influenza,Estado de São Paulo,2025,23,202523,2025-06-08,2757,904,1421,1336,2757,0,0
Influenza,Estado de São Paulo,2025,24,202524,2025-06-15,2339,657,1174,1165,2339,0,0
Influenza,Estado de São Paulo,2025,25,202525,2025-06-22,2400,569,1167,1233,2400,0,0
Influenza,Estado de São Paulo,2025,26,202526,2025-06-29,1908,389,963,945,1908,0,0
Influenza,Estado de São Paulo,2025,27,202527,2025-07-06,1774,275,891,883,1774,0,0
Influenza,Estado de São Paulo,2025,28,202528,2025-07-13,1559,188,749,810,1559,0,0
Influenza,Estado de São Paulo,2025,29,202529,2025-07-20,1194,123,560,634,1194,0,0
Influenza,Estado de São Paulo,2025,30,202530,2025-07-27,1165,108,586,578,1165,0,0
Influenza,Estado de São Paulo,2025,31,202531,2025-08-03,1106,76,555,551,1106,0,0
Influenza,Estado de São Paulo,2025,32,202532,2025-08-10,1293,91,621,672,1293,0,0
Influenza,Estado de São Paulo,2025,33,202533,2025-08-17,1438,89,681,757,1438,0,0
Influenza,Estado de São Paulo,2025,34,202534,2025-08-24,1311,79,630,681,1311,0,0
Influenza,Estado de São Paulo,2025,35,202535,2025-08-31,1233,96,606,627,1233,0,0
Influenza,Estado de São Paulo,2025,36,202536,2025-09-07,1238,120,630,608,1238,0,0
Influenza,Estado de São Paulo,2025,37,202537,2025-09-14,1273,147,639,634,1273,0,0
Influenza,Estado de São Paulo,2025,38,202538,2025-09-21,1398,237,706,692,1398,0,0
Influenza,Estado de São Paulo,2025,39,202539,2025-09-28,1218,206,573,645,1218,0,0
Influenza,Estado de São Paulo,2025,40,202540,2025-10-05,1400,267,691,709,1400,0,0
Influenza,Estado de São Paulo,2025,41,202541,2025-10-12,1406,307,664,742,1406,0,0
Influenza,Estado de São Paulo,2025,42,202542,2025-10-19,1497,373,760,737,1497,0,0
Influenza,Estado de São Paulo,2025,43,202543,2025-10-26,1491,398,714,777,1491,0,0
Influenza,Estado de São Paulo,2025,44,202544,2025-11-02,1564,483,789,775,1564,0,0
Influenza,Estado de São Paulo,2025,45,202545,2025-11-09,1417,366,691,726,1417,0,0
Influenza,Estado de São Paulo,2025,46,202546,2025-11-16,1496,346,772,724,1496,0,0
Influenza,Estado de São Paulo,2025,47,202547,2025-11-23,1356,252,675,680,1356,0,0
Influenza,Estado de São Paulo,2025,48,202548,2025-11-30,1113,202,556,557,1113,0,0
Influenza,Estado de São Paulo,2025,49,202549,2025-12-07,1210,181,583,627,1210,0,0
Influenza,Estado de São Paulo,2025,50,202550,2025-12-14,1005,134,473,532,1005,0,0
Influenza,Estado de São Paulo,2025,51,202551,2025-12-21,831,116,417,414,831,0,0
Influenza,Estado de São Paulo,2025,52,202552,2025-12-28,682,89,327,355,682,0,0
Influenza,Estado de São Paulo,2026,2,202602,2026-01-11,654,62,285,369,654,0,0
Influenza,Estado de São Paulo,2026,3,202603,2026-01-18,543,48,263,279,543,0,0
Influenza,Estado de São Paulo,2026,4,202604,2026-01-25,573,41,307,266,573,0,0
Influenza,Estado de São Paulo,2026,5,202605,2026-02-01,495,37,244,251,495,0,0
Influenza,Estado de São Paulo,2026,6,202606,2026-02-08,707,58,324,383,707,0,0
Influenza,Estado de São Paulo,2026,7,202607,2026-02-15,899,69,387,512,899,0,0
Influenza,Estado de São Paulo,2026,8,202608,2026-02-22,984,87,481,503,984,0,0
Influenza,Estado de São Paulo,2026,9,202609,2026-03-01,931,104,427,503,931,0,0
Influenza,Estado de São Paulo,2026,10,202610,2026-03-08,1181,144,569,612,1181,0,0
Influenza,Estado de São Paulo,2026,11,202611,2026-03-15,1166,204,543,623,1166,0,0
Influenza,Estado de São Paulo,2026,12,202612,2026-03-22,1342,236,660,682,1342,0,0
Influenza,Estado de São Paulo,2026,13,202613,2026-03-29,1270,244,614,656,1270,0,0
Influenza,Estado de São Paulo,2026,14,202614,2026-04-05,1364,289,636,728,1364,0,0
Influenza,Estado de São Paulo,2026,15,202615,2026-04-12,1461,366,689,772,1461,0,0
Influenza,Estado de São Paulo,2026,16,202616,2026-04-19,1598,375,766,832,1598,0,0
Influenza,Estado de São Paulo,2026,17,202617,2026-04-26,1766,379,885,881,1766,0,0
Influenza,Estado de São Paulo,2026,18,202618,2026-05-03,1737,385,896,841,1737,0,0
Influenza,Estado de São Paulo,2026,19,202619,2026-05-10,1788,391,900,888,1788,0,0
Influenza,Estado de São Paulo,2026,20,202620,2026-05-17,2187,431,1089,1098,2187,0,0
Influenza,Estado de São Paulo,2026,21,202621,2026-05-24,2349,524,1164,1185,2349,0,0
Influenza,Estado de São Paulo,2026,22,202622,2026-05-31,2278,553,1106,1172,2278,0,0
Influenza,Estado de São Paulo,2026,23,202623,2026-06-07,2482,622,1225,1257,2482,0,0
Influenza,Estado de São Paulo,2026,24,202624,2026-06-14,2228,463,1067,1161,2228,0,0
Influenza,Estado de São Paulo,2026,25,202625,2026-06-21,2210,417,1041,1168,2210,0,0
Influenza,Estado de São Paulo,2026,26,202626,2026-06-28,2068,372,987,1081,2068,0,0
Influenza,Estado de São Paulo,2026,27,202627,2026-07-05,2054,319,1009,1045,2054,0,0
Influenza,Estado de São Paulo,2026,28,202628,2026-07-12,1735,243,836,899,1735,0,0
Influenza,Estado de São Paulo,2026,29,202629,2026-07-19,1233,147,603,630,1233,0,0
Influenza,Estado de São Paulo,2026,30,202630,2026-07-26,1001,89,528,473,1001,0,0
Influenza,Estado de São Paulo,2026,31,202631,2026-08-02,1012,79,502,510,1012,0,0
Influenza,Estado de São Paulo,2026,32,202632,2026-08-09,992,58,486,506,992,0,0
Influenza,Estado de São Paulo,2026,33,202633,2026-08-16,869,52,403,466,869,0,0
Influenza,Estado de São Paulo,2026,34,202634,2026-08-23,797,43,384,413,797,0,0
Influenza,Estado de São Paulo,2026,35,202635,2026-08-30,671,31,304,367,671,0,0
Influenza,Estado de São Paulo,2026,36,202636,2026-09-06,567,17,274,293,567,0,0
Influenza,Estado de São Paulo,2026,37,202637,2026-09-13,205,10,94,111,205,0,0
Influenza,Estado de São Paulo,2026,38,202638,2026-09-20,1,0,1,0,1,0,0
Influenza,Guarujá,2021,1,202101,2021-01-03,30,0,17,13,30,0,0
Influenza,Guarujá,2021,2,202102,2021-01-10,41,0,21,20,41,0,0
Influenza,Guarujá,2021,3,202103,2021-01-17,30,0,15,15,30,0,0
Influenza,Guarujá,2021,4,202104,2021-01-24,42,0,18,24,42,0,0
Influenza,Guarujá,2021,5,202105,2021-01-31,44,0,27,17,44,0,0
Influenza,Guarujá,2021,6,202106,2021-02-07,51,0,31,20,51,0,0
Influenza,Guarujá,2021,7,202107,2021-02-14,73,0,33,40,73,0,0
Influenza,Guarujá,2021,8,202108,2021-02-21,50,0,14,36,50,0,0
Influenza,Guarujá,2021,9,202109,2021-02-28,104,0,52,52,104,0,0
Influenza,Guarujá,2021,10,202110,2021-03-07,146,0,66,80,146,0,0
Influenza,Guarujá,2021,11,202111,2021-03-14,154,0,64,90,154,0,0
Influenza,Guarujá,2021,12,202112,2021-03-21,99,0,37,62,99,0,0
Influenza,Guarujá,2021,13,202113,2021-03-28,99,1,44,55,99,0,0
Influenza,Guarujá,2021,14,202114,2021-04-04,106,1,50,56,106,0,0
Influenza,Guarujá,2021,15,202115,2021-04-11,70,0,29,41,70,0,0
Influenza,Guarujá,2021,16,202116,2021-04-18,65,1,24,41,65,0,0
Influenza,Guarujá,2021,17,202117,2021-04-25,62,0,29,33,62,0,0
Influenza,Guarujá,2021,18,202118,2021-05-02,65,0,25,40,65,0,0
Influenza,Guarujá,2021,19,202119,2021-05-09,70,0,36,34,70,0,0
Influenza,Guarujá,2021,20,202120,2021-05-16,70,0,32,38,70,0,0
Influenza,Guarujá,2021,21,202121,2021-05-23,60,0,28,32,60,0,0
Influenza,Guarujá,2021,22,202122,2021-05-30,61,0,32,29,61,0,0
Influenza,Guarujá,2021,23,202123,2021-06-06,32,0,10,22,32,0,0
Influenza,Guarujá,2021,24,202124,2021-06-13,32,0,16,16,32,0,0
Influenza,Guarujá,2021,25,202125,2021-06-20,36,0,17,19,36,0,0
Influenza,Guarujá,2021,26,202126,2021-06-27,24,0,6,18,24,0,0
Influenza,Guarujá,2021,27,202127,2021-07-04,29,0,12,17,29,0,0
Influenza,Guarujá,2021,28,202128,2021-07-11,23,0,10,13,23,0,0
Influenza,Guarujá,2021,29,202129,2021-07-18,17,0,7,10,17,0,0
Influenza,Guarujá,2021,30,202130,2021-07-25,23,0,10,13,23,0,0
Influenza,Guarujá,2021,31,202131,2021-08-01,22,0,11,11,22,0,0
Influenza,Guarujá,2021,32,202132,2021-08-08,19,0,12,7,19,0,0
Influenza,Guarujá,2021,33,202133,2021-08-15,17,0,8,9,17,0,0
Influenza,Guarujá,2021,34,202134,2021-08-22,12,0,4,8,12,0,0
Influenza,Guarujá,2021,35,202135,2021-08-29,19,0,8,11,19,0,0
Influenza,Guarujá,2021,36,202136,2021-09-05,16,0,10,6,16,0,0
Influenza,Guarujá,2021,37,202137,2021-09-12,21,0,8,13,21,0,0
Influenza,Guarujá,2021,38,202138,2021-09-19,26,0,12,14,26,0,0
Influenza,Guarujá,2021,39,202139,2021-09-26,23,0,13,10,23,0,0
Influenza,Guarujá,2021,40,202140,2021-10-03,25,0,10,15,25,0,0
Influenza,Guarujá,2021,41,202141,2021-10-10,28,0,10,18,28,0,0
Influenza,Guarujá,2021,42,202142,2021-10-17,20,0,10,10,20,0,0
Influenza,Guarujá,2021,43,202143,2021-10-24,14,0,3,11,14,0,0
Influenza,Guarujá,2021,44,202144,2021-10-31,20,0,5,15,20,0,0
Influenza,Guarujá,2021,45,202145,2021-11-07,16,0,8,8,16,0,0
Influenza,Guarujá,2021,46,202146,2021-11-14,25,0,8,17,25,0,0
Influenza,Guarujá,2021,47,202147,2021-11-21,26,0,14,12,26,0,0
Influenza,Guarujá,2021,48,202148,2021-11-28,25,0,9,16,25,0,0
Influenza,Guarujá,2021,49,202149,2021-12-05,26,0,9,17,26,0,0
Influenza,Guarujá,2021,50,202150,2021-12-12,40,2,24,16,40,0,0
Influenza,Guarujá,2021,51,202151,2021-12-19,59,7,32,27,59,0,0
Influenza,Guarujá,2021,52,202152,2021-12-26,64,7,36,28,64,0,0
Influenza,Guarujá,2022,1,202201,2022-01-02,56,2,29,27,56,0,0
Influenza,Guarujá,2022,2,202202,2022-01-09,50,0,22,28,50,0,0
Influenza,Guarujá,2022,3,202203,2022-01-16,45,1,25,20,45,0,0
Influenza,Guarujá,2022,4,202204,2022-01-23,40,0,16,24,40,0,0
Influenza,Guarujá,2022,5,202205,2022-01-30,30,0,11,19,30,0,0
Influenza,Guarujá,2022,6,202206,2022-02-06,25,0,12,13,25,0,0
Influenza,Guarujá,2022,7,202207,2022-02-13,28,1,13,15,28,0,0
Influenza,Guarujá,2022,8,202208,2022-02-20,32,0,21,11,32,0,0
Influenza,Guarujá,2022,9,202209,2022-02-27,26,0,12,14,26,0,0
Influenza,Guarujá,2022,10,202210,2022-03-06,14,0,9,5,14,0,0
Influenza,Guarujá,2022,11,202211,2022-03-13,21,0,12,9,21,0,0
Influenza,Guarujá,2022,12,202212,2022-03-20,23,2,13,10,23,0,0
Influenza,Guarujá,2022,13,202213,2022-03-27,15,0,4,11,15,0,0
Influenza,Guarujá,2022,14,202214,2022-04-03,23,0,11,12,23,0,0
Influenza,Guarujá,2022,15,202215,2022-04-10,12,0,8,4,12,0,0
Influenza,Guarujá,2022,16,202216,2022-04-17,14,0,8,6,14,0,0
Influenza,Guarujá,2022,17,202217,2022-04-24,11,0,4,7,11,0,0
Influenza,Guarujá,2022,18,202218,2022-05-01,13,0,6,7,13,0,0
Influenza,Guarujá,2022,19,202219,2022-05-08,21,0,9,12,21,0,0
Influenza,Guarujá,2022,20,202220,2022-05-15,16,0,5,11,16,0,0
Influenza,Guarujá,2022,21,202221,2022-05-22,24,0,11,13,24,0,0
Influenza,Guarujá,2022,22,202222,2022-05-29,15,1,11,4,15,0,0
Influenza,Guarujá,2022,23,202223,2022-06-05,22,0,9,13,22,0,0
Influenza,Guarujá,2022,24,202224,2022-06-12,21,0,10,11,21,0,0
Influenza,Guarujá,2022,25,202225,2022-06-19,16,0,9,7,16,0,0
Influenza,Guarujá,2022,26,202226,2022-06-26,17,1,9,8,17,0,0
Influenza,Guarujá,2022,27,202227,2022-07-03,27,0,15,12,27,0,0
Influenza,Guarujá,2022,28,202228,2022-07-10,12,0,6,6,12,0,0
Influenza,Guarujá,2022,29,202229,2022-07-17,6,0,2,4,6,0,0
Influenza,Guarujá,2022,30,202230,2022-07-24,10,0,4,6,10,0,0
Influenza,Guarujá,2022,31,202231,2022-07-31,2,0,1,1,2,0,0
Influenza,Guarujá,2022,32,202232,2022-08-07,7,0,3,4,7,0,0
Influenza,Guarujá,2022,33,202233,2022-08-14,5,0,2,3,5,0,0
Influenza,Guarujá,2022,34,202234,2022-08-21,2,0,1,1,2,0,0
Influenza,Guarujá,2022,35,202235,2022-08-28,5,0,2,3,5,0,0
Influenza,Guarujá,2022,36,202236,2022-09-04,6,0,3,3,6,0,0
Influenza,Guarujá,2022,37,202237,2022-09-11,3,0,0,3,3,0,0
Influenza,Guarujá,2022,38,202238,2022-09-18,6,0,2,4,6,0,0
Influenza,Guarujá,2022,39,202239,2022-09-25,8,0,2,6,8,0,0
Influenza,Guarujá,2022,40,202240,2022-10-02,11,0,8,3,11,0,0
Influenza,Guarujá,2022,41,202241,2022-10-09,9,0,2,7,9,0,0
Influenza,Guarujá,2022,42,202242,2022-10-16,7,0,7,0,7,0,0
Influenza,Guarujá,2022,43,202243,2022-10-23,8,0,2,6,8,0,0
Influenza,Guarujá,2022,44,202244,2022-10-30,10,1,2,8,10,0,0
Influenza,Guarujá,2022,45,202245,2022-11-06,9,0,6,3,9,0,0
Influenza,Guarujá,2022,46,202246,2022-11-13,19,0,5,14,19,0,0
Influenza,Guarujá,2022,47,202247,2022-11-20,20,0,11,9,20,0,0
Influenza,Guarujá,2022,48,202248,2022-11-27,20,0,9,11,20,0,0
Influenza,Guarujá,2022,49,202249,2022-12-04,9,0,7,2,9,0,0
Influenza,Guarujá,2022,50,202250,2022-12-11,9,0,3,6,9,0,0
Influenza,Guarujá,2022,51,202251,2022-12-18,7,0,4,3,7,0,0
Influenza,Guarujá,2022,52,202252,2022-12-25,5,0,1,4,5,0,0
Influenza,Guarujá,2023,1,202301,2023-01-01,4,0,2,2,4,0,0
Influenza,Guarujá,2023,2,202302,2023-01-08,5,0,0,5,5,0,0
Influenza,Guarujá,2023,3,202303,2023-01-15,3,0,3,0,3,0,0
Influenza,Guarujá,2023,4,202304,2023-01-22,6,0,3,3,6,0,0
Influenza,Guarujá,2023,5,202305,2023-01-29,4,0,0,4,4,0,0
Influenza,Guarujá,2023,6,202306,2023-02-05,9,0,2,7,9,0,0
Influenza,Guarujá,2023,7,202307,2023-02-12,3,0,1,2,3,0,0
Influenza,Guarujá,2023,8,202308,2023-02-19,2,0,1,1,2,0,0
Influenza,Guarujá,2023,9,202309,2023-02-26,9,1,1,8,9,0,0
Influenza,Guarujá,2023,10,202310,2023-03-05,5,0,2,3,5,0,0
Influenza,Guarujá,2023,11,202311,2023-03-12,11,0,6,5,11,0,0
Influenza,Guarujá,2023,12,202312,2023-03-19,8,1,4,4,8,0,0
Influenza,Guarujá,2023,13,202313,2023-03-26,4,0,2,2,4,0,0
Influenza,Guarujá,2023,14,202314,2023-04-02,5,1,1,4,5,0,0
Influenza,Guarujá,2023,15,202315,2023-04-09,8,2,2,6,8,0,0
Influenza,Guarujá,2023,16,202316,2023-04-16,4,0,1,3,4,0,0
Influenza,Guarujá,2023,17,202317,2023-04-23,4,0,1,3,4,0,0
Influenza,Guarujá,2023,18,202318,2023-04-30,3,0,2,1,3,0,0
Influenza,Guarujá,2023,19,202319,2023-05-07,2,0,1,1,2,0,0
Influenza,Guarujá,2023,20,202320,2023-05-14,3,0,1,2,3,0,0
Influenza,Guarujá,2023,21,202321,2023-05-21,2,0,1,1,2,0,0
Influenza,Guarujá,2023,22,202322,2023-05-28,4,0,2,2,4,0,0
Influenza,Guarujá,2023,23,202323,2023-06-04,2,1,1,1,2,0,0
Influenza,Guarujá,2023,24,202324,2023-06-11,5,1,2,3,5,0,0
Influenza,Guarujá,2023,25,202325,2023-06-18,4,0,2,2,4,0,0
Influenza,Guarujá,2023,26,202326,2023-06-25,2,1,2,0,2,0,0
Influenza,Guarujá,2023,28,202328,2023-07-09,3,1,2,1,3,0,0
Influenza,Guarujá,2023,31,202331,2023-07-30,1,0,0,1,1,0,0
Influenza,Guarujá,2023,32,202332,2023-08-06,2,0,1,1,2,0,0
Influenza,Guarujá,2023,33,202333,2023-08-13,2,1,0,2,2,0,0
Influenza,Guarujá,2023,34,202334,2023-08-20,1,0,1,0,1,0,0
Influenza,Guarujá,2023,35,202335,2023-08-27,3,1,2,1,3,0,0
Influenza,Guarujá,2023,36,202336,2023-09-03,2,0,1,1,2,0,0
Influenza,Guarujá,2023,37,202337,2023-09-10,3,0,0,3,3,0,0
Influenza,Guarujá,2023,38,202338,2023-09-17,3,0,0,3,3,0,0
Influenza,Guarujá,2023,39,202339,2023-09-24,3,0,2,1,3,0,0
Influenza,Guarujá,2023,40,202340,2023-10-01,8,0,2,6,8,0,0
Influenza,Guarujá,2023,41,202341,2023-10-08,5,0,2,3,5,0,0
Influenza,Guarujá,2023,42,202342,2023-10-15,16,0,7,9,16,0,0
Influenza,Guarujá,2023,43,202343,2023-10-22,3,0,1,2,3,0,0
Influenza,Guarujá,2023,44,202344,2023-10-29,10,0,5,5,10,0,0
Influenza,Guarujá,2023,45,202345,2023-11-05,9,1,3,6,9,0,0
Influenza,Guarujá,2023,46,202346,2023-11-12,3,0,1,2,3,0,0
Influenza,Guarujá,2023,47,202347,2023-11-19,5,0,2,3,5,0,0
Influenza,Guarujá,2023,48,202348,2023-11-26,2,0,0,2,2,0,0
Influenza,Guarujá,2023,49,202349,2023-12-03,2,0,2,0,2,0,0
Influenza,Guarujá,2023,50,202350,2023-12-10,2,0,1,1,2,0,0
Influenza,Guarujá,2023,51,202351,2023-12-17,2,0,2,0,2,0,0
Influenza,Guarujá,2023,52,202352,2023-12-24,5,1,1,4,5,0,0
Influenza,Guarujá,2024,2,202402,2024-01-14,1,0,1,0,1,0,0
Influenza,Guarujá,2024,3,202403,2024-01-21,1,0,0,1,1,0,0
Influenza,Guarujá,2024,5,202405,2024-02-04,5,0,3,2,5,0,0
Influenza,Guarujá,2024,6,202406,2024-02-11,5,0,0,5,5,0,0
Influenza,Guarujá,2024,7,202407,2024-02-18,3,0,1,2,3,0,0
Influenza,Guarujá,2024,8,202408,2024-02-25,7,0,3,4,7,0,0
Influenza,Guarujá,2024,9,202409,2024-03-03,4,0,2,2,4,0,0
Influenza,Guarujá,2024,10,202410,2024-03-10,2,0,1,1,2,0,0
Influenza,Guarujá,2024,11,202411,2024-03-17,8,3,1,7,8,0,0
Influenza,Guarujá,2024,13,202413,2024-03-31,5,4,2,3,5,0,0
Influenza,Guarujá,2024,14,202414,2024-04-07,2,1,1,1,2,0,0
Influenza,Guarujá,2024,15,202415,2024-04-14,5,1,1,4,5,0,0
Influenza,Guarujá,2024,16,202416,2024-04-21,8,1,3,5,8,0,0
Influenza,Guarujá,2024,17,202417,2024-04-28,6,1,2,4,6,0,0
Influenza,Guarujá,2024,18,202418,2024-05-05,5,1,3,2,5,0,0
Influenza,Guarujá,2024,19,202419,2024-05-12,3,0,0,3,3,0,0
Influenza,Guarujá,2024,21,202421,2024-05-26,2,0,1,1,2,0,0
Influenza,Guarujá,2024,22,202422,2024-06-02,1,0,0,1,1,0,0
Influenza,Guarujá,2024,23,202423,2024-06-09,4,0,2,2,4,0,0
Influenza,Guarujá,2024,24,202424,2024-06-16,1,0,0,1,1,0,0
Influenza,Guarujá,2024,25,202425,2024-06-23,3,0,1,2,3,0,0
Influenza,Guarujá,2024,26,202426,2024-06-30,1,0,0,1,1,0,0
Influenza,Guarujá,2024,28,202428,2024-07-14,1,0,1,0,1,0,0
Influenza,Guarujá,2024,29,202429,2024-07-21,2,0,1,1,2,0,0
Influenza,Guarujá,2024,30,202430,2024-07-28,6,0,3,3,6,0,0
Influenza,Guarujá,2024,31,202431,2024-08-04,3,0,2,1,3,0,0
Influenza,Guarujá,2024,32,202432,2024-08-11,5,0,1,4,5,0,0
Influenza,Guarujá,2024,33,202433,2024-08-18,6,2,2,4,6,0,0
Influenza,Guarujá,2024,34,202434,2024-08-25,4,0,0,4,4,0,0
Influenza,Guarujá,2024,35,202435,2024-09-01,2,1,1,1,2,0,0
Influenza,Guarujá,2024,36,202436,2024-09-08,2,0,0,2,2,0,0
Influenza,Guarujá,2024,37,202437,2024-09-15,1,0,0,1,1,0,0
Influenza,Guarujá,2024,38,202438,2024-09-22,4,0,4,0,4,0,0
Influenza,Guarujá,2024,41,202441,2024-10-13,10,1,5,5,10,0,0
Influenza,Guarujá,2024,42,202442,2024-10-20,3,0,1,2,3,0,0
Influenza,Guarujá,2024,43,202443,2024-10-27,3,1,1,2,3,0,0
Influenza,Guarujá,2024,44,202444,2024-11-03,7,0,3,4,7,0,0
Influenza,Guarujá,2024,45,202445,2024-11-10,2,1,0,2,2,0,0
Influenza,Guarujá,2024,46,202446,2024-11-17,6,0,1,5,6,0,0
Influenza,Guarujá,2024,47,202447,2024-11-24,9,1,6,3,9,0,0
Influenza,Guarujá,2024,48,202448,2024-12-01,5,0,3,2,5,0,0
Influenza,Guarujá,2024,49,202449,2024-12-08,2,0,1,1,2,0,0
Influenza,Guarujá,2024,50,202450,2024-12-15,3,1,3,0,3,0,0
Influenza,Guarujá,2024,51,202451,2024-12-22,3,0,0,3,3,0,0
Influenza,Guarujá,2024,52,202452,2024-12-29,1,0,1,0,1,0,0
Influenza,Guarujá,2025,1,202501,2025-01-05,3,0,1,2,3,0,0
Influenza,Guarujá,2025,2,202502,2025-01-12,3,0,1,2,3,0,0
Influenza,Guarujá,2025,3,202503,2025-01-19,10,0,6,4,10,0,0
Influenza,Guarujá,2025,4,202504,2025-01-26,5,0,1,4,5,0,0
Influenza,Guarujá,2025,5,202505,2025-02-02,4,0,2,2,4,0,0
Influenza,Guarujá,2025,6,202506,2025-02-09,2,0,1,1,2,0,0
Influenza,Guarujá,2025,7,202507,2025-02-16,6,1,3,3,6,0,0
Influenza,Guarujá,2025,8,202508,2025-02-23,6,0,1,5,6,0,0
Influenza,Guarujá,2025,9,202509,2025-03-02,4,0,1,3,4,0,0
Influenza,Guarujá,2025,10,202510,2025-03-09,5,0,3,2,5,0,0
Influenza,Guarujá,2025,11,202511,2025-03-16,4,0,1,3,4,0,0
Influenza,Guarujá,2025,13,202513,2025-03-30,2,0,0,2,2,0,0
Influenza,Guarujá,2025,14,202514,2025-04-06,1,0,0,1,1,0,0
Influenza,Guarujá,2025,15,202515,2025-04-13,4,2,1,3,4,0,0
Influenza,Guarujá,2025,16,202516,2025-04-20,3,2,0,3,3,0,0
Influenza,Guarujá,2025,17,202517,2025-04-27,6,1,3,3,6,0,0
Influenza,Guarujá,2025,18,202518,2025-05-04,6,3,2,4,6,0,0
Influenza,Guarujá,2025,19,202519,2025-05-11,13,9,7,6,13,0,0
Influenza,Guarujá,2025,20,202520,2025-05-18,11,6,3,8,11,0,0
Influenza,Guarujá,2025,21,202521,2025-05-25,14,6,7,7,14,0,0
Influenza,Guarujá,2025,22,202522,2025-06-01,8,1,3,5,8,0,0
Influenza,Guarujá,2025,23,202523,2025-06-08,8,4,2,6,8,0,0
Influenza,Guarujá,2025,24,202524,2025-06-15,6,1,2,4,6,0,0
Influenza,Guarujá,2025,25,202525,2025-06-22,6,2,2,4,6,0,0
Influenza,Guarujá,2025,26,202526,2025-06-29,6,1,3,3,6,0,0
Influenza,Guarujá,2025,27,202527,2025-07-06,5,0,3,2,5,0,0
Influenza,Guarujá,2025,28,202528,2025-07-13,9,3,7,2,9,0,0
Influenza,Guarujá,2025,29,202529,2025-07-20,7,0,0,7,7,0,0
Influenza,Guarujá,2025,30,202530,2025-07-27,6,0,3,3,6,0,0
Influenza,Guarujá,2025,31,202531,2025-08-03,1,0,1,0,1,0,0
Influenza,Guarujá,2025,32,202532,2025-08-10,3,0,0,3,3,0,0
Influenza,Guarujá,2025,33,202533,2025-08-17,2,0,2,0,2,0,0
Influenza,Guarujá,2025,34,202534,2025-08-24,5,0,1,4,5,0,0
Influenza,Guarujá,2025,35,202535,2025-08-31,3,0,0,3,3,0,0
Influenza,Guarujá,2025,36,202536,2025-09-07,2,0,1,1,2,0,0
Influenza,Guarujá,2025,37,202537,2025-09-14,5,0,1,4,5,0,0
Influenza,Guarujá,2025,38,202538,2025-09-21,2,0,2,0,2,0,0
Influenza,Guarujá,2025,39,202539,2025-09-28,3,0,2,1,3,0,0
Influenza,Guarujá,2025,40,202540,2025-10-05,6,1,3,3,6,0,0
Influenza,Guarujá,2025,41,202541,2025-10-12,6,0,4,2,6,0,0
Influenza,Guarujá,2025,42,202542,2025-10-19,3,0,3,0,3,0,0
Influenza,Guarujá,2025,43,202543,2025-10-26,2,2,1,1,2,0,0
Influenza,Guarujá,2025,44,202544,2025-11-02,3,1,2,1,3,0,0
Influenza,Guarujá,2025,45,202545,2025-11-09,9,5,3,6,9,0,0
Influenza,Guarujá,2025,46,202546,2025-11-16,6,3,2,4,6,0,0
Influenza,Guarujá,2025,47,202547,2025-11-23,4,1,2,2,4,0,0
Influenza,Guarujá,2025,48,202548,2025-11-30,6,2,3,3,6,0,0
Influenza,Guarujá,2025,49,202549,2025-12-07,3,1,0,3,3,0,0
Influenza,Guarujá,2025,50,202550,2025-12-14,1,0,1,0,1,0,0
Influenza,Guarujá,2025,52,202552,2025-12-28,3,1,2,1,3,0,0
Influenza,Guarujá,2026,2,202602,2026-01-11,1,0,1,0,1,0,0
Influenza,Guarujá,2026,3,202603,2026-01-18,1,0,1,0,1,0,0
Influenza,Guarujá,2026,4,202604,2026-01-25,4,1,3,1,4,0,0
Influenza,Guarujá,2026,5,202605,2026-02-01,1,1,1,0,1,0,0
Influenza,Guarujá,2026,6,202606,2026-02-08,3,1,0,3,3,0,0
Influenza,Guarujá,2026,7,202607,2026-02-15,1,1,0,1,1,0,0
Influenza,Guarujá,2026,8,202608,2026-02-22,2,2,1,1,2,0,0
Influenza,Guarujá,2026,9,202609,2026-03-01,6,3,3,3,6,0,0
Influenza,Guarujá,2026,10,202610,2026-03-08,5,0,2,3,5,0,0
Influenza,Guarujá,2026,11,202611,2026-03-15,3,1,2,1,3,0,0
Influenza,Guarujá,2026,12,202612,2026-03-22,2,0,0,2,2,0,0
Influenza,Guarujá,2026,13,202613,2026-03-29,3,1,1,2,3,0,0
Influenza,Guarujá,2026,14,202614,2026-04-05,5,2,3,2,5,0,0
Influenza,Guarujá,2026,15,202615,2026-04-12,6,3,4,2,6,0,0
Influenza,Guarujá,2026,16,202616,2026-04-19,3,2,3,0,3,0,0
Influenza,Guarujá,2026,17,202617,2026-04-26,1,1,0,1,1,0,0
Influenza,Guarujá,2026,18,202618,2026-05-03,8,2,4,4,8,0,0
Influenza,Guarujá,2026,20,202620,2026-05-17,2,0,0,2,2,0,0
Influenza,Guarujá,2026,21,202621,2026-05-24,8,3,3,5,8,0,0
Influenza,Guarujá,2026,22,202622,2026-05-31,5,0,3,2,5,0,0
Influenza,Guarujá,2026,23,202623,2026-06-07,2,0,0,2,2,0,0
Influenza,Guarujá,2026,24,202624,2026-06-14,10,3,6,4,10,0,0
Influenza,Guarujá,2026,25,202625,2026-06-21,12,0,6,6,12,0,0
Influenza,Guarujá,2026,26,202626,2026-06-28,17,0,10,7,17,0,0
Influenza,Guarujá,2026,27,202627,2026-07-05,11,2,1,10,11,0,0
Influenza,Guarujá,2026,28,202628,2026-07-12,8,0,4,4,8,0,0
Influenza,Guarujá,2026,29,202629,2026-07-19,7,0,4,3,7,0,0
Influenza,Guarujá,2026,30,202630,2026-07-26,7,0,4,3,7,0,0
Influenza,Guarujá,2026,31,202631,2026-08-02,1,0,1,0,1,0,0
Influenza,Guarujá,2026,32,202632,2026-08-09,4,0,2,2,4,0,0
Influenza,Guarujá,2026,33,202633,2026-08-16,5,0,2,3,5,0,0
Influenza,Guarujá,2026,34,202634,2026-08-23,9,0,4,5,9,0,0
Influenza,Guarujá,2026,35,202635,2026-08-30,8,1,2,6,8,0,0
Influenza,Guarujá,2026,36,202636,2026-09-06,3,0,1,2,3,0,0
Influenza,Praia Grande,2021,1,202101,2021-01-03,42,0,21,21,42,0,0
Influenza,Praia Grande,2021,2,202102,2021-01-10,28,0,10,18,28,0,0
Influenza,Praia Grande,2021,3,202103,2021-01-17,26,0,15,11,26,0,0
Influenza,Praia Grande,2021,4,202104,2021-01-24,21,0,12,9,21,0,0
Influenza,Praia Grande,2021,5,202105,2021-01-31,23,0,19,4,23,0,0
Influenza,Praia Grande,2021,6,202106,2021-02-07,26,0,10,16,26,0,0
Influenza,Praia Grande,2021,7,202107,2021-02-14,36,0,11,25,36,0,0
Influenza,Praia Grande,2021,8,202108,2021-02-21,25,0,11,14,25,0,0
Influenza,Praia Grande,2021,9,202109,2021-02-28,79,0,31,48,79,0,0
Influenza,Praia Grande,2021,10,202110,2021-03-07,83,0,32,51,83,0,0
Influenza,Praia Grande,2021,11,202111,2021-03-14,97,1,53,44,97,0,0
Influenza,Praia Grande,2021,12,202112,2021-03-21,64,0,30,34,64,0,0
Influenza,Praia Grande,2021,13,202113,2021-03-28,48,0,26,22,48,0,0
Influenza,Praia Grande,2021,14,202114,2021-04-04,61,1,27,34,61,0,0
Influenza,Praia Grande,2021,15,202115,2021-04-11,43,0,17,26,43,0,0
Influenza,Praia Grande,2021,16,202116,2021-04-18,44,1,25,19,44,0,0
Influenza,Praia Grande,2021,17,202117,2021-04-25,45,0,17,28,45,0,0
Influenza,Praia Grande,2021,18,202118,2021-05-02,29,0,13,16,29,0,0
Influenza,Praia Grande,2021,19,202119,2021-05-09,32,1,21,11,32,0,0
Influenza,Praia Grande,2021,20,202120,2021-05-16,56,0,18,38,56,0,0
Influenza,Praia Grande,2021,21,202121,2021-05-23,42,1,24,18,42,0,0
Influenza,Praia Grande,2021,22,202122,2021-05-30,43,0,14,29,43,0,0
Influenza,Praia Grande,2021,23,202123,2021-06-06,31,0,15,16,31,0,0
Influenza,Praia Grande,2021,24,202124,2021-06-13,16,0,11,5,16,0,0
Influenza,Praia Grande,2021,25,202125,2021-06-20,21,0,9,12,21,0,0
Influenza,Praia Grande,2021,26,202126,2021-06-27,13,0,5,8,13,0,0
Influenza,Praia Grande,2021,27,202127,2021-07-04,18,0,8,10,18,0,0
Influenza,Praia Grande,2021,28,202128,2021-07-11,4,0,3,1,4,0,0
Influenza,Praia Grande,2021,29,202129,2021-07-18,8,0,3,5,8,0,0
Influenza,Praia Grande,2021,30,202130,2021-07-25,11,0,3,8,11,0,0
Influenza,Praia Grande,2021,31,202131,2021-08-01,7,0,1,6,7,0,0
Influenza,Praia Grande,2021,32,202132,2021-08-08,10,0,5,5,10,0,0
Influenza,Praia Grande,2021,33,202133,2021-08-15,3,0,1,2,3,0,0
Influenza,Praia Grande,2021,34,202134,2021-08-22,3,0,1,2,3,0,0
Influenza,Praia Grande,2021,35,202135,2021-08-29,4,0,3,1,4,0,0
Influenza,Praia Grande,2021,37,202137,2021-09-12,5,0,2,3,5,0,0
Influenza,Praia Grande,2021,38,202138,2021-09-19,1,0,0,1,1,0,0
Influenza,Praia Grande,2021,39,202139,2021-09-26,3,0,1,2,3,0,0
Influenza,Praia Grande,2021,40,202140,2021-10-03,3,0,1,2,3,0,0
Influenza,Praia Grande,2021,41,202141,2021-10-10,1,0,1,0,1,0,0
Influenza,Praia Grande,2021,42,202142,2021-10-17,2,0,1,1,2,0,0
Influenza,Praia Grande,2021,43,202143,2021-10-24,3,0,1,2,3,0,0
Influenza,Praia Grande,2021,44,202144,2021-10-31,1,0,0,1,1,0,0
Influenza,Praia Grande,2021,45,202145,2021-11-07,10,0,5,5,10,0,0
Influenza,Praia Grande,2021,46,202146,2021-11-14,3,0,2,1,3,0,0
Influenza,Praia Grande,2021,47,202147,2021-11-21,4,0,2,2,4,0,0
Influenza,Praia Grande,2021,48,202148,2021-11-28,7,0,2,5,7,0,0
Influenza,Praia Grande,2021,49,202149,2021-12-05,3,1,3,0,3,0,0
Influenza,Praia Grande,2021,50,202150,2021-12-12,13,4,5,8,13,0,0
Influenza,Praia Grande,2021,51,202151,2021-12-19,30,5,20,10,30,0,0
Influenza,Praia Grande,2021,52,202152,2021-12-26,64,5,38,26,64,0,0
Influenza,Praia Grande,2022,1,202201,2022-01-02,33,3,18,15,33,0,0
Influenza,Praia Grande,2022,2,202202,2022-01-09,22,0,12,10,22,0,0
Influenza,Praia Grande,2022,3,202203,2022-01-16,35,0,13,22,35,0,0
Influenza,Praia Grande,2022,4,202204,2022-01-23,22,0,14,8,22,0,0
Influenza,Praia Grande,2022,5,202205,2022-01-30,20,0,10,10,20,0,0
Influenza,Praia Grande,2022,6,202206,2022-02-06,10,0,7,3,10,0,0
Influenza,Praia Grande,2022,7,202207,2022-02-13,4,0,3,1,4,0,0
Influenza,Praia Grande,2022,8,202208,2022-02-20,3,0,1,2,3,0,0
Influenza,Praia Grande,2022,9,202209,2022-02-27,7,0,3,4,7,0,0
Influenza,Praia Grande,2022,11,202211,2022-03-13,3,0,2,1,3,0,0
Influenza,Praia Grande,2022,12,202212,2022-03-20,3,0,2,1,3,0,0
Influenza,Praia Grande,2022,14,202214,2022-04-03,2,0,0,2,2,0,0
Influenza,Praia Grande,2022,15,202215,2022-04-10,7,0,4,3,7,0,0
Influenza,Praia Grande,2022,17,202217,2022-04-24,8,0,6,2,8,0,0
Influenza,Praia Grande,2022,18,202218,2022-05-01,1,0,0,1,1,0,0
Influenza,Praia Grande,2022,19,202219,2022-05-08,2,0,1,1,2,0,0
Influenza,Praia Grande,2022,20,202220,2022-05-15,2,0,1,1,2,0,0
Influenza,Praia Grande,2022,21,202221,2022-05-22,7,0,1,6,7,0,0
Influenza,Praia Grande,2022,22,202222,2022-05-29,7,0,2,5,7,0,0
Influenza,Praia Grande,2022,23,202223,2022-06-05,11,0,6,5,11,0,0
Influenza,Praia Grande,2022,24,202224,2022-06-12,12,0,9,3,12,0,0
Influenza,Praia Grande,2022,25,202225,2022-06-19,12,0,7,5,12,0,0
Influenza,Praia Grande,2022,26,202226,2022-06-26,14,0,6,8,14,0,0
Influenza,Praia Grande,2022,27,202227,2022-07-03,9,0,3,6,9,0,0
Influenza,Praia Grande,2022,28,202228,2022-07-10,10,0,7,3,10,0,0
Influenza,Praia Grande,2022,29,202229,2022-07-17,2,0,1,1,2,0,0
Influenza,Praia Grande,2022,30,202230,2022-07-24,3,0,3,0,3,0,0
Influenza,Praia Grande,2022,31,202231,2022-07-31,3,0,1,2,3,0,0
Influenza,Praia Grande,2022,32,202232,2022-08-07,1,0,0,1,1,0,0
Influenza,Praia Grande,2022,34,202234,2022-08-21,1,0,1,0,1,0,0
Influenza,Praia Grande,2022,35,202235,2022-08-28,1,0,1,0,1,0,0
Influenza,Praia Grande,2022,36,202236,2022-09-04,2,0,1,1,2,0,0
Influenza,Praia Grande,2022,37,202237,2022-09-11,3,0,2,1,3,0,0
Influenza,Praia Grande,2022,38,202238,2022-09-18,6,0,1,5,6,0,0
Influenza,Praia Grande,2022,39,202239,2022-09-25,5,0,1,4,5,0,0
Influenza,Praia Grande,2022,40,202240,2022-10-02,3,0,3,0,3,0,0
Influenza,Praia Grande,2022,41,202241,2022-10-09,6,0,4,2,6,0,0
Influenza,Praia Grande,2022,42,202242,2022-10-16,13,2,9,4,13,0,0
Influenza,Praia Grande,2022,43,202243,2022-10-23,4,0,4,0,4,0,0
Influenza,Praia Grande,2022,45,202245,2022-11-06,4,1,1,3,4,0,0
Influenza,Praia Grande,2022,46,202246,2022-11-13,2,0,0,2,2,0,0
Influenza,Praia Grande,2022,47,202247,2022-11-20,1,0,1,0,1,0,0
Influenza,Praia Grande,2022,48,202248,2022-11-27,7,0,3,4,7,0,0
Influenza,Praia Grande,2022,49,202249,2022-12-04,3,0,1,2,3,0,0
Influenza,Praia Grande,2022,50,202250,2022-12-11,4,1,1,3,4,0,0
Influenza,Praia Grande,2022,51,202251,2022-12-18,11,0,4,7,11,0,0
Influenza,Praia Grande,2022,52,202252,2022-12-25,7,1,3,4,7,0,0
Influenza,Praia Grande,2023,1,202301,2023-01-01,8,1,3,5,8,0,0
Influenza,Praia Grande,2023,2,202302,2023-01-08,4,0,1,3,4,0,0
Influenza,Praia Grande,2023,3,202303,2023-01-15,3,0,2,1,3,0,0
Influenza,Praia Grande,2023,4,202304,2023-01-22,6,0,2,4,6,0,0
Influenza,Praia Grande,2023,5,202305,2023-01-29,7,0,1,6,7,0,0
Influenza,Praia Grande,2023,6,202306,2023-02-05,5,0,2,3,5,0,0
Influenza,Praia Grande,2023,7,202307,2023-02-12,4,0,2,2,4,0,0
Influenza,Praia Grande,2023,8,202308,2023-02-19,1,0,1,0,1,0,0
Influenza,Praia Grande,2023,9,202309,2023-02-26,2,0,1,1,2,0,0
Influenza,Praia Grande,2023,10,202310,2023-03-05,6,1,3,3,6,0,0
Influenza,Praia Grande,2023,11,202311,2023-03-12,2,1,1,1,2,0,0
Influenza,Praia Grande,2023,12,202312,2023-03-19,2,0,0,2,2,0,0
Influenza,Praia Grande,2023,13,202313,2023-03-26,2,0,0,2,2,0,0
Influenza,Praia Grande,2023,14,202314,2023-04-02,4,1,0,4,4,0,0
Influenza,Praia Grande,2023,15,202315,2023-04-09,1,1,0,1,1,0,0
Influenza,Praia Grande,2023,17,202317,2023-04-23,1,0,1,0,1,0,0
Influenza,Praia Grande,2023,18,202318,2023-04-30,1,0,1,0,1,0,0
Influenza,Praia Grande,2023,23,202323,2023-06-04,1,0,0,1,1,0,0
Influenza,Praia Grande,2023,26,202326,2023-06-25,3,0,3,0,3,0,0
Influenza,Praia Grande,2023,27,202327,2023-07-02,1,1,0,1,1,0,0
Influenza,Praia Grande,2023,28,202328,2023-07-09,1,0,0,1,1,0,0
Influenza,Praia Grande,2023,33,202333,2023-08-13,1,0,1,0,1,0,0
Influenza,Praia Grande,2023,35,202335,2023-08-27,1,0,1,0,1,0,0
Influenza,Praia Grande,2023,36,202336,2023-09-03,1,0,1,0,1,0,0
Influenza,Praia Grande,2023,37,202337,2023-09-10,1,0,0,1,1,0,0
Influenza,Praia Grande,2023,39,202339,2023-09-24,2,0,1,1,2,0,0
Influenza,Praia Grande,2023,40,202340,2023-10-01,5,0,1,4,5,0,0
Influenza,Praia Grande,2023,41,202341,2023-10-08,7,0,2,5,7,0,0
Influenza,Praia Grande,2023,42,202342,2023-10-15,5,0,2,3,5,0,0
Influenza,Praia Grande,2023,43,202343,2023-10-22,4,0,3,1,4,0,0
Influenza,Praia Grande,2023,44,202344,2023-10-29,5,0,3,2,5,0,0
Influenza,Praia Grande,2023,45,202345,2023-11-05,1,0,1,0,1,0,0
Influenza,Praia Grande,2023,46,202346,2023-11-12,6,0,2,4,6,0,0
Influenza,Praia Grande,2023,47,202347,2023-11-19,3,0,2,1,3,0,0
Influenza,Praia Grande,2023,48,202348,2023-11-26,4,0,1,3,4,0,0
Influenza,Praia Grande,2023,49,202349,2023-12-03,7,0,4,3,7,0,0
Influenza,Praia Grande,2023,50,202350,2023-12-10,4,0,1,3,4,0,0
Influenza,Praia Grande,2023,51,202351,2023-12-17,1,0,0,1,1,0,0
Influenza,Praia Grande,2024,1,202401,2024-01-07,2,0,1,1,2,0,0
Influenza,Praia Grande,2024,2,202402,2024-01-14,1,0,1,0,1,0,0
Influenza,Praia Grande,2024,3,202403,2024-01-21,1,0,1,0,1,0,0
Influenza,Praia Grande,2024,4,202404,2024-01-28,1,0,1,0,1,0,0
Influenza,Praia Grande,2024,5,202405,2024-02-04,1,0,1,0,1,0,0
Influenza,Praia Grande,2024,7,202407,2024-02-18,4,1,1,3,4,0,0
Influenza,Praia Grande,2024,8,202408,2024-02-25,3,1,1,2,3,0,0
Influenza,Praia Grande,2024,9,202409,2024-03-03,4,1,2,2,4,0,0
Influenza,Praia Grande,2024,10,202410,2024-03-10,3,0,1,2,3,0,0
Influenza,Praia Grande,2024,11,202411,2024-03-17,10,0,2,8,10,0,0
Influenza,Praia Grande,2024,12,202412,2024-03-24,2,0,1,1,2,0,0
Influenza,Praia Grande,2024,13,202413,2024-03-31,4,0,3,1,4,0,0
Influenza,Praia Grande,2024,14,202414,2024-04-07,7,2,4,3,7,0,0
Influenza,Praia Grande,2024,15,202415,2024-04-14,5,1,0,5,5,0,0
Influenza,Praia Grande,2024,16,202416,2024-04-21,6,4,1,5,6,0,0
Influenza,Praia Grande,2024,17,202417,2024-04-28,12,9,7,5,12,0,0
Influenza,Praia Grande,2024,18,202418,2024-05-05,11,9,7,4,11,0,0
Influenza,Praia Grande,2024,19,202419,2024-05-12,8,3,3,5,8,0,0
Influenza,Praia Grande,2024,20,202420,2024-05-19,10,7,7,3,10,0,0
Influenza,Praia Grande,2024,21,202421,2024-05-26,6,0,2,4,6,0,0
Influenza,Praia Grande,2024,22,202422,2024-06-02,6,3,4,2,6,0,0
Influenza,Praia Grande,2024,23,202423,2024-06-09,10,0,4,6,10,0,0
Influenza,Praia Grande,2024,24,202424,2024-06-16,4,2,4,0,4,0,0
Influenza,Praia Grande,2024,25,202425,2024-06-23,9,0,4,5,9,0,0
Influenza,Praia Grande,2024,26,202426,2024-06-30,2,0,1,1,2,0,0
Influenza,Praia Grande,2024,27,202427,2024-07-07,4,0,0,4,4,0,0
Influenza,Praia Grande,2024,28,202428,2024-07-14,4,1,1,3,4,0,0
Influenza,Praia Grande,2024,29,202429,2024-07-21,6,0,3,3,6,0,0
Influenza,Praia Grande,2024,30,202430,2024-07-28,4,0,2,2,4,0,0
Influenza,Praia Grande,2024,31,202431,2024-08-04,4,1,4,0,4,0,0
Influenza,Praia Grande,2024,32,202432,2024-08-11,3,1,0,3,3,0,0
Influenza,Praia Grande,2024,33,202433,2024-08-18,3,0,0,3,3,0,0
Influenza,Praia Grande,2024,34,202434,2024-08-25,7,0,4,3,7,0,0
Influenza,Praia Grande,2024,35,202435,2024-09-01,5,1,2,3,5,0,0
Influenza,Praia Grande,2024,36,202436,2024-09-08,3,0,3,0,3,0,0
Influenza,Praia Grande,2024,37,202437,2024-09-15,5,0,4,1,5,0,0
Influenza,Praia Grande,2024,38,202438,2024-09-22,7,0,4,3,7,0,0
Influenza,Praia Grande,2024,39,202439,2024-09-29,3,1,1,2,3,0,0
Influenza,Praia Grande,2024,40,202440,2024-10-06,4,0,4,0,4,0,0
Influenza,Praia Grande,2024,41,202441,2024-10-13,3,0,1,2,3,0,0
Influenza,Praia Grande,2024,42,202442,2024-10-20,5,0,4,1,5,0,0
Influenza,Praia Grande,2024,43,202443,2024-10-27,6,0,3,3,6,0,0
Influenza,Praia Grande,2024,44,202444,2024-11-03,4,0,1,3,4,0,0
Influenza,Praia Grande,2024,45,202445,2024-11-10,6,0,5,1,6,0,0
Influenza,Praia Grande,2024,46,202446,2024-11-17,7,2,3,4,7,0,0
Influenza,Praia Grande,2024,47,202447,2024-11-24,7,4,7,0,7,0,0
Influenza,Praia Grande,2024,48,202448,2024-12-01,9,3,4,5,9,0,0
Influenza,Praia Grande,2024,49,202449,2024-12-08,3,0,1,2,3,0,0
Influenza,Praia Grande,2024,50,202450,2024-12-15,4,2,0,4,4,0,0
Influenza,Praia Grande,2024,51,202451,2024-12-22,1,0,0,1,1,0,0
Influenza,Praia Grande,2024,52,202452,2024-12-29,5,0,2,3,5,0,0
Influenza,Praia Grande,2025,1,202501,2025-01-05,5,1,4,1,5,0,0
Influenza,Praia Grande,2025,2,202502,2025-01-12,6,0,3,3,6,0,0
Influenza,Praia Grande,2025,3,202503,2025-01-19,10,1,5,5,10,0,0
Influenza,Praia Grande,2025,4,202504,2025-01-26,5,0,4,1,5,0,0
Influenza,Praia Grande,2025,5,202505,2025-02-02,6,0,4,2,6,0,0
Influenza,Praia Grande,2025,6,202506,2025-02-09,7,0,3,4,7,0,0
Influenza,Praia Grande,2025,7,202507,2025-02-16,5,1,4,1,5,0,0
Influenza,Praia Grande,2025,8,202508,2025-02-23,14,1,9,5,14,0,0
Influenza,Praia Grande,2025,9,202509,2025-03-02,18,0,8,10,18,0,0
Influenza,Praia Grande,2025,10,202510,2025-03-09,11,0,2,9,11,0,0
Influenza,Praia Grande,2025,11,202511,2025-03-16,12,1,6,6,12,0,0
Influenza,Praia Grande,2025,12,202512,2025-03-23,15,1,9,6,15,0,0
Influenza,Praia Grande,2025,13,202513,2025-03-30,17,3,8,9,17,0,0
Influenza,Praia Grande,2025,14,202514,2025-04-06,17,1,7,10,17,0,0
Influenza,Praia Grande,2025,15,202515,2025-04-13,22,2,10,12,22,0,0
Influenza,Praia Grande,2025,16,202516,2025-04-20,19,4,8,11,19,0,0
Influenza,Praia Grande,2025,17,202517,2025-04-27,14,1,5,9,14,0,0
Influenza,Praia Grande,2025,18,202518,2025-05-04,20,3,10,10,20,0,0
Influenza,Praia Grande,2025,19,202519,2025-05-11,12,2,8,4,12,0,0
Influenza,Praia Grande,2025,20,202520,2025-05-18,10,2,5,5,10,0,0
Influenza,Praia Grande,2025,21,202521,2025-05-25,5,0,2,3,5,0,0
Influenza,Praia Grande,2025,22,202522,2025-06-01,7,1,3,4,7,0,0
Influenza,Praia Grande,2025,23,202523,2025-06-08,4,1,1,3,4,0,0
Influenza,Praia Grande,2025,24,202524,2025-06-15,4,0,2,2,4,0,0
Influenza,Praia Grande,2025,25,202525,2025-06-22,7,0,4,3,7,0,0
Influenza,Praia Grande,2025,26,202526,2025-06-29,8,0,6,2,8,0,0
Influenza,Praia Grande,2025,27,202527,2025-07-06,4,1,1,3,4,0,0
Influenza,Praia Grande,2025,28,202528,2025-07-13,5,1,2,3,5,0,0
Influenza,Praia Grande,2025,29,202529,2025-07-20,4,0,2,2,4,0,0
Influenza,Praia Grande,2025,30,202530,2025-07-27,3,0,2,1,3,0,0
Influenza,Praia Grande,2025,31,202531,2025-08-03,4,0,3,1,4,0,0
Influenza,Praia Grande,2025,32,202532,2025-08-10,5,0,2,3,5,0,0
Influenza,Praia Grande,2025,33,202533,2025-08-17,5,0,2,3,5,0,0
Influenza,Praia Grande,2025,34,202534,2025-08-24,2,0,1,1,2,0,0
Influenza,Praia Grande,2025,35,202535,2025-08-31,2,0,2,0,2,0,0
Influenza,Praia Grande,2025,36,202536,2025-09-07,3,0,0,3,3,0,0
Influenza,Praia Grande,2025,37,202537,2025-09-14,6,0,4,2,6,0,0
Influenza,Praia Grande,2025,38,202538,2025-09-21,1,1,0,1,1,0,0
Influenza,Praia Grande,2025,39,202539,2025-09-28,3,0,1,2,3,0,0
Influenza,Praia Grande,2025,40,202540,2025-10-05,3,0,1,2,3,0,0
Influenza,Praia Grande,2025,41,202541,2025-10-12,2,0,1,1,2,0,0
Influenza,Praia Grande,2025,42,202542,2025-10-19,4,1,3,1,4,0,0
Influenza,Praia Grande,2025,43,202543,2025-10-26,5,0,1,4,5,0,0
Influenza,Praia Grande,2025,44,202544,2025-11-02,6,0,3,3,6,0,0
Influenza,Praia Grande,2025,52,202552,2025-12-28,1,0,0,1,1,0,0
Influenza,Praia Grande,2026,2,202602,2026-01-11,3,0,0,3,3,0,0
Influenza,Praia Grande,2026,3,202603,2026-01-18,3,2,0,3,3,0,0
Influenza,Praia Grande,2026,5,202605,2026-02-01,2,0,2,0,2,0,0
Influenza,Praia Grande,2026,7,202607,2026-02-15,3,0,2,1,3,0,0
Influenza,Praia Grande,2026,8,202608,2026-02-22,1,0,0,1,1,0,0
Influenza,Praia Grande,2026,9,202609,2026-03-01,1,0,1,0,1,0,0
Influenza,Praia Grande,2026,10,202610,2026-03-08,5,1,1,4,5,0,0
Influenza,Praia Grande,2026,11,202611,2026-03-15,2,0,0,2,2,0,0
Influenza,Praia Grande,2026,12,202612,2026-03-22,4,1,2,2,4,0,0
Influenza,Praia Grande,2026,13,202613,2026-03-29,2,1,2,0,2,0,0
Influenza,Praia Grande,2026,14,202614,2026-04-05,10,1,5,5,10,0,0
Influenza,Praia Grande,2026,15,202615,2026-04-12,6,2,3,3,6,0,0
Influenza,Praia Grande,2026,16,202616,2026-04-19,9,4,6,3,9,0,0
Influenza,Praia Grande,2026,17,202617,2026-04-26,5,2,3,2,5,0,0
Influenza,Praia Grande,2026,18,202618,2026-05-03,5,0,2,3,5,0,0
Influenza,Praia Grande,2026,19,202619,2026-05-10,3,1,1,2,3,0,0
Influenza,Praia Grande,2026,20,202620,2026-05-17,8,1,5,3,8,0,0
Influenza,Praia Grande,2026,21,202621,2026-05-24,7,0,4,3,7,0,0
Influenza,Praia Grande,2026,22,202622,2026-05-31,10,3,8,2,10,0,0
Influenza,Praia Grande,2026,23,202623,2026-06-07,11,1,9,2,11,0,0
Influenza,Praia Grande,2026,24,202624,2026-06-14,7,2,4,3,7,0,0
Influenza,Praia Grande,2026,25,202625,2026-06-21,6,0,3,3,6,0,0
Influenza,Praia Grande,2026,26,202626,2026-06-28,9,2,6,3,9,0,0
Influenza,Praia Grande,2026,27,202627,2026-07-05,10,3,7,3,10,0,0
Influenza,Praia Grande,2026,28,202628,2026-07-12,4,1,3,1,4,0,0
Influenza,Praia Grande,2026,29,202629,2026-07-19,2,1,2,0,2,0,0
Influenza,Praia Grande,2026,30,202630,2026-07-26,1,1,0,1,1,0,0
Influenza,Praia Grande,2026,31,202631,2026-08-02,1,0,1,0,1,0,0
Influenza,Praia Grande,2026,32,202632,2026-08-09,1,0,0,1,1,0,0
Influenza,Santos,2021,1,202101,2021-01-03,214,0,97,117,214,0,0
Influenza,Santos,2021,2,202102,2021-01-10,177,0,81,96,177,0,0
Influenza,Santos,2021,3,202103,2021-01-17,162,0,75,87,162,0,0
Influenza,Santos,2021,4,202104,2021-01-24,163,0,66,97,163,0,0
Influenza,Santos,2021,5,202105,2021-01-31,163,0,79,83,163,0,0
Influenza,Santos,2021,6,202106,2021-02-07,188,0,94,94,188,0,0
Influenza,Santos,2021,7,202107,2021-02-14,260,0,119,141,260,0,0
Influenza,Santos,2021,8,202108,2021-02-21,216,0,89,127,216,0,0
Influenza,Santos,2021,9,202109,2021-02-28,317,0,162,155,317,0,0
Influenza,Santos,2021,10,202110,2021-03-07,384,0,185,199,384,0,0
Influenza,Santos,2021,11,202111,2021-03-14,391,0,199,192,391,0,0
Influenza,Santos,2021,12,202112,2021-03-21,348,0,187,161,348,0,0
Influenza,Santos,2021,13,202113,2021-03-28,250,0,120,130,250,0,0
Influenza,Santos,2021,14,202114,2021-04-04,244,0,130,114,244,0,0
Influenza,Santos,2021,15,202115,2021-04-11,189,0,82,107,189,0,0
Influenza,Santos,2021,16,202116,2021-04-18,198,0,84,114,198,0,0
Influenza,Santos,2021,17,202117,2021-04-25,171,0,76,95,171,0,0
Influenza,Santos,2021,18,202118,2021-05-02,190,0,82,108,190,0,0
Influenza,Santos,2021,19,202119,2021-05-09,178,0,76,102,178,0,0
Influenza,Santos,2021,20,202120,2021-05-16,169,0,77,92,169,0,0
Influenza,Santos,2021,21,202121,2021-05-23,144,0,64,80,144,0,0
Influenza,Santos,2021,22,202122,2021-05-30,171,0,80,91,171,0,0
Influenza,Santos,2021,23,202123,2021-06-06,117,0,47,70,117,0,0
Influenza,Santos,2021,24,202124,2021-06-13,81,0,44,37,81,0,0
Influenza,Santos,2021,25,202125,2021-06-20,73,0,33,40,73,0,0
Influenza,Santos,2021,26,202126,2021-06-27,49,0,18,31,49,0,0
Influenza,Santos,2021,27,202127,2021-07-04,47,0,23,24,47,0,0
Influenza,Santos,2021,28,202128,2021-07-11,42,0,13,29,42,0,0
Influenza,Santos,2021,29,202129,2021-07-18,33,0,14,19,33,0,0
Influenza,Santos,2021,30,202130,2021-07-25,36,0,19,17,36,0,0
Influenza,Santos,2021,31,202131,2021-08-01,35,0,20,15,35,0,0
Influenza,Santos,2021,32,202132,2021-08-08,47,0,23,24,47,0,0
Influenza,Santos,2021,33,202133,2021-08-15,46,0,27,19,46,0,0
Influenza,Santos,2021,34,202134,2021-08-22,33,0,14,19,33,0,0
Influenza,Santos,2021,35,202135,2021-08-29,49,0,24,25,49,0,0
Influenza,Santos,2021,36,202136,2021-09-05,45,0,24,21,45,0,0
Influenza,Santos,2021,37,202137,2021-09-12,29,0,13,16,29,0,0
Influenza,Santos,2021,38,202138,2021-09-19,46,0,20,26,46,0,0
Influenza,Santos,2021,39,202139,2021-09-26,45,0,26,19,45,0,0
Influenza,Santos,2021,40,202140,2021-10-03,44,0,21,23,44,0,0
Influenza,Santos,2021,41,202141,2021-10-10,36,0,17,19,36,0,0
Influenza,Santos,2021,42,202142,2021-10-17,36,0,12,24,36,0,0
Influenza,Santos,2021,43,202143,2021-10-24,31,0,14,17,31,0,0
Influenza,Santos,2021,44,202144,2021-10-31,37,0,17,20,37,0,0
Influenza,Santos,2021,45,202145,2021-11-07,45,0,24,21,45,0,0
Influenza,Santos,2021,46,202146,2021-11-14,35,0,17,18,35,0,0
Influenza,Santos,2021,47,202147,2021-11-21,46,0,20,26,46,0,0
Influenza,Santos,2021,48,202148,2021-11-28,45,0,20,25,45,0,0
Influenza,Santos,2021,49,202149,2021-12-05,47,0,22,25,47,0,0
Influenza,Santos,2021,50,202150,2021-12-12,32,3,22,10,32,0,0
Influenza,Santos,2021,51,202151,2021-12-19,90,12,54,36,90,0,0
Influenza,Santos,2021,52,202152,2021-12-26,94,11,56,38,94,0,0
Influenza,Santos,2022,1,202201,2022-01-02,86,3,51,35,86,0,0
Influenza,Santos,2022,2,202202,2022-01-09,163,0,81,82,163,0,0
Influenza,Santos,2022,3,202203,2022-01-16,96,0,36,60,96,0,0
Influenza,Santos,2022,4,202204,2022-01-23,106,0,54,52,106,0,0
Influenza,Santos,2022,5,202205,2022-01-30,73,0,34,39,73,0,0
Influenza,Santos,2022,6,202206,2022-02-06,48,1,27,21,48,0,0
Influenza,Santos,2022,7,202207,2022-02-13,29,0,13,16,29,0,0
Influenza,Santos,2022,8,202208,2022-02-20,13,0,5,8,13,0,0
Influenza,Santos,2022,9,202209,2022-02-27,14,1,11,3,14,0,0
Influenza,Santos,2022,10,202210,2022-03-06,10,1,3,7,10,0,0
Influenza,Santos,2022,11,202211,2022-03-13,10,0,6,4,10,0,0
Influenza,Santos,2022,12,202212,2022-03-20,15,1,6,9,15,0,0
Influenza,Santos,2022,13,202213,2022-03-27,8,0,2,6,8,0,0
Influenza,Santos,2022,14,202214,2022-04-03,18,0,6,12,18,0,0
Influenza,Santos,2022,15,202215,2022-04-10,17,0,8,9,17,0,0
Influenza,Santos,2022,16,202216,2022-04-17,22,0,13,9,22,0,0
Influenza,Santos,2022,17,202217,2022-04-24,11,0,6,5,11,0,0
Influenza,Santos,2022,18,202218,2022-05-01,20,0,13,7,20,0,0
Influenza,Santos,2022,19,202219,2022-05-08,7,1,4,3,7,0,0
Influenza,Santos,2022,20,202220,2022-05-15,10,0,3,7,10,0,0
Influenza,Santos,2022,21,202221,2022-05-22,13,0,3,10,13,0,0
Influenza,Santos,2022,22,202222,2022-05-29,10,0,5,5,10,0,0
Influenza,Santos,2022,23,202223,2022-06-05,16,0,9,7,16,0,0
Influenza,Santos,2022,24,202224,2022-06-12,24,0,16,8,24,0,0
Influenza,Santos,2022,25,202225,2022-06-19,25,0,10,15,25,0,0
Influenza,Santos,2022,26,202226,2022-06-26,35,0,21,14,35,0,0
Influenza,Santos,2022,27,202227,2022-07-03,21,0,11,10,21,0,0
Influenza,Santos,2022,28,202228,2022-07-10,32,0,19,13,32,0,0
Influenza,Santos,2022,29,202229,2022-07-17,16,1,6,10,16,0,0
Influenza,Santos,2022,30,202230,2022-07-24,18,0,8,10,18,0,0
Influenza,Santos,2022,31,202231,2022-07-31,24,0,13,11,24,0,0
Influenza,Santos,2022,32,202232,2022-08-07,19,0,9,10,19,0,0
Influenza,Santos,2022,33,202233,2022-08-14,59,2,27,32,59,0,0
Influenza,Santos,2022,34,202234,2022-08-21,36,0,17,19,36,0,0
Influenza,Santos,2022,35,202235,2022-08-28,35,0,14,21,35,0,0
Influenza,Santos,2022,36,202236,2022-09-04,31,0,14,17,31,0,0
Influenza,Santos,2022,37,202237,2022-09-11,29,0,13,16,29,0,0
Influenza,Santos,2022,38,202238,2022-09-18,22,0,10,12,22,0,0
Influenza,Santos,2022,39,202239,2022-09-25,21,3,10,11,21,0,0
Influenza,Santos,2022,40,202240,2022-10-02,25,1,11,14,25,0,0
Influenza,Santos,2022,41,202241,2022-10-09,17,0,10,7,17,0,0
Influenza,Santos,2022,42,202242,2022-10-16,24,1,12,12,24,0,0
Influenza,Santos,2022,43,202243,2022-10-23,33,4,14,19,33,0,0
Influenza,Santos,2022,44,202244,2022-10-30,13,1,8,5,13,0,0
Influenza,Santos,2022,45,202245,2022-11-06,36,1,19,17,36,0,0
Influenza,Santos,2022,46,202246,2022-11-13,64,0,34,30,64,0,0
Influenza,Santos,2022,47,202247,2022-11-20,73,0,32,41,73,0,0
Influenza,Santos,2022,48,202248,2022-11-27,38,1,22,16,38,0,0
Influenza,Santos,2022,49,202249,2022-12-04,37,0,19,18,37,0,0
Influenza,Santos,2022,50,202250,2022-12-11,49,0,27,22,49,0,0
Influenza,Santos,2022,51,202251,2022-12-18,33,0,19,14,33,0,0
Influenza,Santos,2022,52,202252,2022-12-25,52,0,17,35,52,0,0
Influenza,Santos,2023,1,202301,2023-01-01,48,0,24,24,48,0,0
Influenza,Santos,2023,2,202302,2023-01-08,37,0,16,21,37,0,0
Influenza,Santos,2023,3,202303,2023-01-15,45,1,22,23,45,0,0
Influenza,Santos,2023,4,202304,2023-01-22,44,0,24,20,44,0,0
Influenza,Santos,2023,5,202305,2023-01-29,46,0,29,17,46,0,0
Influenza,Santos,2023,6,202306,2023-02-05,53,1,27,26,53,0,0
Influenza,Santos,2023,7,202307,2023-02-12,46,1,23,23,46,0,0
Influenza,Santos,2023,8,202308,2023-02-19,53,5,26,27,53,0,0
Influenza,Santos,2023,9,202309,2023-02-26,55,1,25,30,55,0,0
Influenza,Santos,2023,10,202310,2023-03-05,72,0,33,39,72,0,0
Influenza,Santos,2023,11,202311,2023-03-12,49,0,29,20,49,0,0
Influenza,Santos,2023,12,202312,2023-03-19,66,3,35,31,66,0,0
Influenza,Santos,2023,13,202313,2023-03-26,47,2,18,29,47,0,0
Influenza,Santos,2023,14,202314,2023-04-02,53,2,36,17,53,0,0
Influenza,Santos,2023,15,202315,2023-04-09,65,1,25,40,65,0,0
Influenza,Santos,2023,16,202316,2023-04-16,46,1,26,20,46,0,0
Influenza,Santos,2023,17,202317,2023-04-23,39,0,17,22,39,0,0
Influenza,Santos,2023,18,202318,2023-04-30,29,0,16,13,29,0,0
Influenza,Santos,2023,19,202319,2023-05-07,37,1,18,19,37,0,0
Influenza,Santos,2023,20,202320,2023-05-14,31,1,20,11,31,0,0
Influenza,Santos,2023,21,202321,2023-05-21,54,8,27,27,54,0,0
Influenza,Santos,2023,22,202322,2023-05-28,45,6,27,18,45,0,0
Influenza,Santos,2023,23,202323,2023-06-04,64,4,30,34,64,0,0
Influenza,Santos,2023,24,202324,2023-06-11,58,3,27,31,58,0,0
Influenza,Santos,2023,25,202325,2023-06-18,52,5,23,29,52,0,0
Influenza,Santos,2023,26,202326,2023-06-25,50,5,28,22,50,0,0
Influenza,Santos,2023,27,202327,2023-07-02,39,2,21,18,39,0,0
Influenza,Santos,2023,28,202328,2023-07-09,43,1,22,21,43,0,0
Influenza,Santos,2023,29,202329,2023-07-16,24,2,10,14,24,0,0
Influenza,Santos,2023,30,202330,2023-07-23,28,1,12,16,28,0,0
Influenza,Santos,2023,31,202331,2023-07-30,37,2,15,22,37,0,0
Influenza,Santos,2023,32,202332,2023-08-06,41,1,15,26,41,0,0
Influenza,Santos,2023,33,202333,2023-08-13,35,2,19,16,35,0,0
Influenza,Santos,2023,34,202334,2023-08-20,42,0,19,23,42,0,0
Influenza,Santos,2023,35,202335,2023-08-27,33,0,15,18,33,0,0
Influenza,Santos,2023,36,202336,2023-09-03,31,0,13,18,31,0,0
Influenza,Santos,2023,37,202337,2023-09-10,45,0,15,30,45,0,0
Influenza,Santos,2023,38,202338,2023-09-17,33,0,18,15,33,0,0
Influenza,Santos,2023,39,202339,2023-09-24,31,0,9,22,31,0,0
Influenza,Santos,2023,40,202340,2023-10-01,53,0,26,27,53,0,0
Influenza,Santos,2023,41,202341,2023-10-08,44,0,22,22,44,0,0
Influenza,Santos,2023,42,202342,2023-10-15,44,0,22,22,44,0,0
Influenza,Santos,2023,43,202343,2023-10-22,35,0,13,22,35,0,0
Influenza,Santos,2023,44,202344,2023-10-29,30,1,15,15,30,0,0
Influenza,Santos,2023,45,202345,2023-11-05,32,1,13,19,32,0,0
Influenza,Santos,2023,46,202346,2023-11-12,32,1,18,14,32,0,0
Influenza,Santos,2023,47,202347,2023-11-19,33,0,13,20,33,0,0
Influenza,Santos,2023,48,202348,2023-11-26,25,0,14,11,25,0,0
Influenza,Santos,2023,49,202349,2023-12-03,30,0,17,13,30,0,0
Influenza,Santos,2023,50,202350,2023-12-10,28,0,12,16,28,0,0
Influenza,Santos,2023,51,202351,2023-12-17,35,0,12,23,35,0,0
Influenza,Santos,2023,52,202352,2023-12-24,20,0,11,9,20,0,0
Influenza,Santos,2024,1,202401,2024-01-07,26,2,9,17,26,0,0
Influenza,Santos,2024,2,202402,2024-01-14,20,0,6,14,20,0,0
Influenza,Santos,2024,3,202403,2024-01-21,17,0,7,10,17,0,0
Influenza,Santos,2024,4,202404,2024-01-28,26,1,9,17,26,0,0
Influenza,Santos,2024,5,202405,2024-02-04,22,1,11,11,22,0,0
Influenza,Santos,2024,6,202406,2024-02-11,42,0,23,19,42,0,0
Influenza,Santos,2024,7,202407,2024-02-18,26,1,10,16,26,0,0
Influenza,Santos,2024,8,202408,2024-02-25,43,5,30,13,43,0,0
Influenza,Santos,2024,9,202409,2024-03-03,56,4,29,27,56,0,0
Influenza,Santos,2024,10,202410,2024-03-10,37,3,18,19,37,0,0
Influenza,Santos,2024,11,202411,2024-03-17,57,8,22,35,57,0,0
Influenza,Santos,2024,12,202412,2024-03-24,36,5,18,18,36,0,0
Influenza,Santos,2024,13,202413,2024-03-31,32,5,14,18,32,0,0
Influenza,Santos,2024,14,202414,2024-04-07,46,2,23,23,46,0,0
Influenza,Santos,2024,15,202415,2024-04-14,42,7,16,26,42,0,0
Influenza,Santos,2024,16,202416,2024-04-21,47,14,20,27,47,0,0
Influenza,Santos,2024,17,202417,2024-04-28,38,10,20,18,38,0,0
Influenza,Santos,2024,18,202418,2024-05-05,30,5,22,8,30,0,0
Influenza,Santos,2024,19,202419,2024-05-12,36,8,22,14,36,0,0
Influenza,Santos,2024,20,202420,2024-05-19,26,1,10,16,26,0,0
Influenza,Santos,2024,21,202421,2024-05-26,31,0,16,15,31,0,0
Influenza,Santos,2024,22,202422,2024-06-02,21,1,11,10,21,0,0
Influenza,Santos,2024,23,202423,2024-06-09,30,5,11,19,30,0,0
Influenza,Santos,2024,24,202424,2024-06-16,44,2,22,22,44,0,0
Influenza,Santos,2024,25,202425,2024-06-23,30,1,14,16,30,0,0
Influenza,Santos,2024,26,202426,2024-06-30,19,2,10,9,19,0,0
Influenza,Santos,2024,27,202427,2024-07-07,41,2,22,19,41,0,0
Influenza,Santos,2024,28,202428,2024-07-14,24,1,12,12,24,0,0
Influenza,Santos,2024,29,202429,2024-07-21,16,0,8,8,16,0,0
Influenza,Santos,2024,30,202430,2024-07-28,24,0,12,12,24,0,0
Influenza,Santos,2024,31,202431,2024-08-04,25,1,12,13,25,0,0
Influenza,Santos,2024,32,202432,2024-08-11,22,1,7,15,22,0,0
Influenza,Santos,2024,33,202433,2024-08-18,41,2,20,21,41,0,0
Influenza,Santos,2024,34,202434,2024-08-25,41,3,18,23,41,0,0
Influenza,Santos,2024,35,202435,2024-09-01,27,1,10,17,27,0,0
Influenza,Santos,2024,36,202436,2024-09-08,43,0,21,22,43,0,0
Influenza,Santos,2024,37,202437,2024-09-15,41,1,21,20,41,0,0
Influenza,Santos,2024,38,202438,2024-09-22,30,2,14,16,30,0,0
Influenza,Santos,2024,39,202439,2024-09-29,24,0,9,15,24,0,0
Influenza,Santos,2024,40,202440,2024-10-06,30,2,14,16,30,0,0
Influenza,Santos,2024,41,202441,2024-10-13,25,2,12,13,25,0,0
Influenza,Santos,2024,42,202442,2024-10-20,21,0,9,12,21,0,0
Influenza,Santos,2024,43,202443,2024-10-27,40,5,11,29,40,0,0
Influenza,Santos,2024,44,202444,2024-11-03,23,3,12,11,23,0,0
Influenza,Santos,2024,45,202445,2024-11-10,19,3,7,12,19,0,0
Influenza,Santos,2024,46,202446,2024-11-17,23,1,13,10,23,0,0
Influenza,Santos,2024,47,202447,2024-11-24,33,4,11,22,33,0,0
Influenza,Santos,2024,48,202448,2024-12-01,22,2,6,16,22,0,0
Influenza,Santos,2024,49,202449,2024-12-08,24,3,8,16,24,0,0
Influenza,Santos,2024,50,202450,2024-12-15,16,4,8,8,16,0,0
Influenza,Santos,2024,51,202451,2024-12-22,32,5,21,11,32,0,0
Influenza,Santos,2024,52,202452,2024-12-29,13,2,5,8,13,0,0
Influenza,Santos,2025,1,202501,2025-01-05,31,0,15,16,31,0,0
Influenza,Santos,2025,2,202502,2025-01-12,18,1,8,10,18,0,0
Influenza,Santos,2025,3,202503,2025-01-19,11,1,7,4,11,0,0
Influenza,Santos,2025,4,202504,2025-01-26,10,0,3,7,10,0,0
Influenza,Santos,2025,5,202505,2025-02-02,17,0,8,9,17,0,0
Influenza,Santos,2025,6,202506,2025-02-09,18,0,7,11,18,0,0
Influenza,Santos,2025,7,202507,2025-02-16,25,2,13,12,25,0,0
Influenza,Santos,2025,8,202508,2025-02-23,24,2,11,13,24,0,0
Influenza,Santos,2025,9,202509,2025-03-02,33,3,18,15,33,0,0
Influenza,Santos,2025,10,202510,2025-03-09,25,1,12,13,25,0,0
Influenza,Santos,2025,11,202511,2025-03-16,45,0,23,22,45,0,0
Influenza,Santos,2025,12,202512,2025-03-23,43,2,24,19,43,0,0
Influenza,Santos,2025,13,202513,2025-03-30,61,5,32,29,61,0,0
Influenza,Santos,2025,14,202514,2025-04-06,50,3,22,28,50,0,0
Influenza,Santos,2025,15,202515,2025-04-13,57,7,30,27,57,0,0
Influenza,Santos,2025,16,202516,2025-04-20,50,8,25,25,50,0,0
Influenza,Santos,2025,17,202517,2025-04-27,64,17,38,26,64,0,0
Influenza,Santos,2025,18,202518,2025-05-04,77,19,31,46,77,0,0
Influenza,Santos,2025,19,202519,2025-05-11,66,20,30,36,66,0,0
Influenza,Santos,2025,20,202520,2025-05-18,63,9,35,28,63,0,0
Influenza,Santos,2025,21,202521,2025-05-25,65,18,29,36,65,0,0
Influenza,Santos,2025,22,202522,2025-06-01,44,6,25,19,44,0,0
Influenza,Santos,2025,23,202523,2025-06-08,54,8,28,26,54,0,0
Influenza,Santos,2025,24,202524,2025-06-15,46,3,22,24,46,0,0
Influenza,Santos,2025,25,202525,2025-06-22,49,6,19,30,49,0,0
Influenza,Santos,2025,26,202526,2025-06-29,29,4,15,14,29,0,0
Influenza,Santos,2025,27,202527,2025-07-06,32,2,11,21,32,0,0
Influenza,Santos,2025,28,202528,2025-07-13,27,2,13,14,27,0,0
Influenza,Santos,2025,29,202529,2025-07-20,15,0,9,6,15,0,0
Influenza,Santos,2025,30,202530,2025-07-27,22,0,12,10,22,0,0
Influenza,Santos,2025,31,202531,2025-08-03,18,2,8,10,18,0,0
Influenza,Santos,2025,32,202532,2025-08-10,30,0,14,16,30,0,0
Influenza,Santos,2025,33,202533,2025-08-17,41,0,18,23,41,0,0
Influenza,Santos,2025,34,202534,2025-08-24,33,1,12,21,33,0,0
Influenza,Santos,2025,35,202535,2025-08-31,45,1,23,22,45,0,0
Influenza,Santos,2025,36,202536,2025-09-07,44,0,23,21,44,0,0
Influenza,Santos,2025,37,202537,2025-09-14,43,0,26,17,43,0,0
Influenza,Santos,2025,38,202538,2025-09-21,36,2,19,17,36,0,0
Influenza,Santos,2025,39,202539,2025-09-28,37,4,12,25,37,0,0
Influenza,Santos,2025,40,202540,2025-10-05,36,2,20,16,36,0,0
Influenza,Santos,2025,41,202541,2025-10-12,30,0,14,16,30,0,0
Influenza,Santos,2025,42,202542,2025-10-19,38,1,21,17,38,0,0
Influenza,Santos,2025,43,202543,2025-10-26,49,8,28,21,49,0,0
Influenza,Santos,2025,44,202544,2025-11-02,50,8,30,20,50,0,0
Influenza,Santos,2025,45,202545,2025-11-09,43,5,22,21,43,0,0
Influenza,Santos,2025,46,202546,2025-11-16,41,5,19,22,41,0,0
Influenza,Santos,2025,47,202547,2025-11-23,37,1,17,20,37,0,0
Influenza,Santos,2025,48,202548,2025-11-30,23,3,11,12,23,0,0
Influenza,Santos,2025,49,202549,2025-12-07,27,2,15,12,27,0,0
Influenza,Santos,2025,50,202550,2025-12-14,29,3,5,24,29,0,0
Influenza,Santos,2025,51,202551,2025-12-21,22,0,10,12,22,0,0
Influenza,Santos,2025,52,202552,2025-12-28,18,0,11,7,18,0,0
Influenza,Santos,2026,2,202602,2026-01-11,15,1,5,10,15,0,0
Influenza,Santos,2026,3,202603,2026-01-18,6,0,3,3,6,0,0
Influenza,Santos,2026,4,202604,2026-01-25,9,1,5,4,9,0,0
Influenza,Santos,2026,5,202605,2026-02-01,10,2,3,7,10,0,0
Influenza,Santos,2026,6,202606,2026-02-08,15,0,9,6,15,0,0
Influenza,Santos,2026,7,202607,2026-02-15,24,4,7,17,24,0,0
Influenza,Santos,2026,8,202608,2026-02-22,22,3,14,8,22,0,0
Influenza,Santos,2026,9,202609,2026-03-01,20,4,10,10,20,0,0
Influenza,Santos,2026,10,202610,2026-03-08,26,1,16,10,26,0,0
Influenza,Santos,2026,11,202611,2026-03-15,33,4,13,20,33,0,0
Influenza,Santos,2026,12,202612,2026-03-22,57,16,23,34,57,0,0
Influenza,Santos,2026,13,202613,2026-03-29,50,13,30,20,50,0,0
Influenza,Santos,2026,14,202614,2026-04-05,68,18,24,44,68,0,0
Influenza,Santos,2026,15,202615,2026-04-12,62,20,27,35,62,0,0
Influenza,Santos,2026,16,202616,2026-04-19,59,10,18,41,59,0,0
Influenza,Santos,2026,17,202617,2026-04-26,59,13,32,27,59,0,0
Influenza,Santos,2026,18,202618,2026-05-03,53,5,26,27,53,0,0
Influenza,Santos,2026,19,202619,2026-05-10,47,4,33,14,47,0,0
Influenza,Santos,2026,20,202620,2026-05-17,59,10,29,30,59,0,0
Influenza,Santos,2026,21,202621,2026-05-24,62,7,23,39,62,0,0
Influenza,Santos,2026,22,202622,2026-05-31,57,4,25,32,57,0,0
Influenza,Santos,2026,23,202623,2026-06-07,61,9,27,34,61,0,0
Influenza,Santos,2026,24,202624,2026-06-14,69,3,34,35,69,0,0
Influenza,Santos,2026,25,202625,2026-06-21,52,5,23,29,52,0,0
Influenza,Santos,2026,26,202626,2026-06-28,50,6,16,34,50,0,0
Influenza,Santos,2026,27,202627,2026-07-05,44,4,22,22,44,0,0
Influenza,Santos,2026,28,202628,2026-07-12,36,2,22,14,36,0,0
Influenza,Santos,2026,29,202629,2026-07-19,36,3,17,19,36,0,0
Influenza,Santos,2026,30,202630,2026-07-26,23,2,15,8,23,0,0
Influenza,Santos,2026,31,202631,2026-08-02,19,0,8,11,19,0,0
Influenza,Santos,2026,32,202632,2026-08-09,20,2,6,14,20,0,0
Influenza,Santos,2026,33,202633,2026-08-16,22,1,5,17,22,0,0
Influenza,Santos,2026,34,202634,2026-08-23,22,0,9,13,22,0,0
Influenza,Santos,2026,35,202635,2026-08-30,19,0,10,9,19,0,0
Influenza,Santos,2026,36,202636,2026-09-06,8,1,3,5,8,0,0
Influenza,São Vicente,2021,1,202101,2021-01-03,2,0,2,0,2,0,0
Influenza,São Vicente,2021,2,202102,2021-01-10,11,0,7,4,11,0,0
Influenza,São Vicente,2021,3,202103,2021-01-17,10,0,5,5,10,0,0
Influenza,São Vicente,2021,4,202104,2021-01-24,11,0,5,6,11,0,0
Influenza,São Vicente,2021,5,202105,2021-01-31,5,0,1,4,5,0,0
Influenza,São Vicente,2021,6,202106,2021-02-07,11,0,7,4,11,0,0
Influenza,São Vicente,2021,7,202107,2021-02-14,9,0,7,2,9,0,0
Influenza,São Vicente,2021,8,202108,2021-02-21,6,0,1,5,6,0,0
Influenza,São Vicente,2021,9,202109,2021-02-28,14,0,8,6,14,0,0
Influenza,São Vicente,2021,10,202110,2021-03-07,29,0,15,14,29,0,0
Influenza,São Vicente,2021,11,202111,2021-03-14,56,0,26,30,56,0,0
Influenza,São Vicente,2021,12,202112,2021-03-21,34,0,11,23,34,0,0
Influenza,São Vicente,2021,13,202113,2021-03-28,55,0,26,29,55,0,0
Influenza,São Vicente,2021,14,202114,2021-04-04,44,0,26,18,44,0,0
Influenza,São Vicente,2021,15,202115,2021-04-11,30,0,17,13,30,0,0
Influenza,São Vicente,2021,16,202116,2021-04-18,29,0,10,19,29,0,0
Influenza,São Vicente,2021,17,202117,2021-04-25,34,0,19,15,34,0,0
Influenza,São Vicente,2021,18,202118,2021-05-02,31,0,18,13,31,0,0
Influenza,São Vicente,2021,19,202119,2021-05-09,29,0,18,11,29,0,0
Influenza,São Vicente,2021,20,202120,2021-05-16,29,0,9,20,29,0,0
Influenza,São Vicente,2021,21,202121,2021-05-23,24,0,11,13,24,0,0
Influenza,São Vicente,2021,22,202122,2021-05-30,38,0,15,23,38,0,0
Influenza,São Vicente,2021,23,202123,2021-06-06,32,0,13,19,32,0,0
Influenza,São Vicente,2021,24,202124,2021-06-13,32,0,11,21,32,0,0
Influenza,São Vicente,2021,25,202125,2021-06-20,20,0,7,13,20,0,0
Influenza,São Vicente,2021,26,202126,2021-06-27,15,0,8,7,15,0,0
Influenza,São Vicente,2021,27,202127,2021-07-04,10,0,1,9,10,0,0
Influenza,São Vicente,2021,28,202128,2021-07-11,6,0,3,3,6,0,0
Influenza,São Vicente,2021,29,202129,2021-07-18,5,0,2,3,5,0,0
Influenza,São Vicente,2021,30,202130,2021-07-25,13,0,4,9,13,0,0
Influenza,São Vicente,2021,31,202131,2021-08-01,10,0,4,6,10,0,0
Influenza,São Vicente,2021,32,202132,2021-08-08,9,0,3,6,9,0,0
Influenza,São Vicente,2021,33,202133,2021-08-15,5,0,2,3,5,0,0
Influenza,São Vicente,2021,34,202134,2021-08-22,10,0,6,4,10,0,0
Influenza,São Vicente,2021,35,202135,2021-08-29,6,0,0,6,6,0,0
Influenza,São Vicente,2021,36,202136,2021-09-05,8,0,4,4,8,0,0
Influenza,São Vicente,2021,37,202137,2021-09-12,4,0,3,1,4,0,0
Influenza,São Vicente,2021,38,202138,2021-09-19,5,0,1,4,5,0,0
Influenza,São Vicente,2021,39,202139,2021-09-26,2,0,0,2,2,0,0
Influenza,São Vicente,2021,40,202140,2021-10-03,2,0,1,1,2,0,0
Influenza,São Vicente,2021,41,202141,2021-10-10,4,0,2,2,4,0,0
Influenza,São Vicente,2021,43,202143,2021-10-24,2,0,2,0,2,0,0
Influenza,São Vicente,2021,44,202144,2021-10-31,2,0,0,2,2,0,0
Influenza,São Vicente,2021,45,202145,2021-11-07,1,0,0,1,1,0,0
Influenza,São Vicente,2021,46,202146,2021-11-14,2,0,1,1,2,0,0
Influenza,São Vicente,2021,47,202147,2021-11-21,3,0,2,1,3,0,0
Influenza,São Vicente,2021,48,202148,2021-11-28,2,0,0,2,2,0,0
Influenza,São Vicente,2021,49,202149,2021-12-05,4,0,1,3,4,0,0
Influenza,São Vicente,2021,51,202151,2021-12-19,11,0,9,2,11,0,0
Influenza,São Vicente,2021,52,202152,2021-12-26,6,0,6,0,6,0,0
Influenza,São Vicente,2022,1,202201,2022-01-02,11,0,4,7,11,0,0
Influenza,São Vicente,2022,2,202202,2022-01-09,17,0,7,10,17,0,0
Influenza,São Vicente,2022,3,202203,2022-01-16,16,0,6,10,16,0,0
Influenza,São Vicente,2022,4,202204,2022-01-23,14,0,9,5,14,0,0
Influenza,São Vicente,2022,5,202205,2022-01-30,6,0,2,4,6,0,0
Influenza,São Vicente,2022,6,202206,2022-02-06,2,0,1,1,2,0,0
Influenza,São Vicente,2022,8,202208,2022-02-20,1,0,0,1,1,0,0
Influenza,São Vicente,2022,14,202214,2022-04-03,1,0,1,0,1,0,0
Influenza,São Vicente,2022,17,202217,2022-04-24,2,0,0,2,2,0,0
Influenza,São Vicente,2022,18,202218,2022-05-01,1,0,1,0,1,0,0
Influenza,São Vicente,2022,19,202219,2022-05-08,1,0,1,0,1,0,0
Influenza,São Vicente,2022,20,202220,2022-05-15,4,0,2,2,4,0,0
Influenza,São Vicente,2022,21,202221,2022-05-22,1,0,0,1,1,0,0
Influenza,São Vicente,2022,22,202222,2022-05-29,2,0,2,0,2,0,0
Influenza,São Vicente,2022,23,202223,2022-06-05,4,0,2,2,4,0,0
Influenza,São Vicente,2022,24,202224,2022-06-12,5,0,1,4,5,0,0
Influenza,São Vicente,2022,25,202225,2022-06-19,9,0,5,4,9,0,0
Influenza,São Vicente,2022,26,202226,2022-06-26,7,0,3,4,7,0,0
Influenza,São Vicente,2022,27,202227,2022-07-03,7,0,3,4,7,0,0
Influenza,São Vicente,2022,28,202228,2022-07-10,4,0,0,4,4,0,0
Influenza,São Vicente,2022,29,202229,2022-07-17,5,0,3,2,5,0,0
Influenza,São Vicente,2022,30,202230,2022-07-24,3,0,2,1,3,0,0
Influenza,São Vicente,2022,31,202231,2022-07-31,1,0,1,0,1,0,0
Influenza,São Vicente,2022,33,202233,2022-08-14,1,0,1,0,1,0,0
Influenza,São Vicente,2022,35,202235,2022-08-28,1,0,0,1,1,0,0
Influenza,São Vicente,2022,42,202242,2022-10-16,1,0,0,1,1,0,0
Influenza,São Vicente,2022,44,202244,2022-10-30,5,0,1,4,5,0,0
Influenza,São Vicente,2022,45,202245,2022-11-06,7,0,3,4,7,0,0
Influenza,São Vicente,2022,47,202247,2022-11-20,1,0,1,0,1,0,0
Influenza,São Vicente,2022,48,202248,2022-11-27,2,0,1,1,2,0,0
Influenza,São Vicente,2022,49,202249,2022-12-04,1,0,0,1,1,0,0
Influenza,São Vicente,2022,51,202251,2022-12-18,1,0,0,1,1,0,0
Influenza,São Vicente,2023,2,202302,2023-01-08,1,0,0,1,1,0,0
Influenza,São Vicente,2023,5,202305,2023-01-29,1,0,1,0,1,0,0
Influenza,São Vicente,2023,9,202309,2023-02-26,1,0,1,0,1,0,0
Influenza,São Vicente,2023,36,202336,2023-09-03,1,0,0,1,1,0,0
Influenza,São Vicente,2023,45,202345,2023-11-05,1,0,1,0,1,0,0
Influenza,São Vicente,2023,48,202348,2023-11-26,1,0,1,0,1,0,0
Influenza,São Vicente,2024,6,202406,2024-02-11,1,0,1,0,1,0,0
Influenza,São Vicente,2024,9,202409,2024-03-03,1,0,0,1,1,0,0
Influenza,São Vicente,2024,10,202410,2024-03-10,1,0,1,0,1,0,0
Influenza,São Vicente,2024,14,202414,2024-04-07,1,0,0,1,1,0,0
Influenza,São Vicente,2024,15,202415,2024-04-14,2,0,2,0,2,0,0
Influenza,São Vicente,2024,17,202417,2024-04-28,1,0,0,1,1,0,0
Influenza,São Vicente,2024,18,202418,2024-05-05,1,0,0,1,1,0,0
Influenza,São Vicente,2024,20,202420,2024-05-19,2,0,1,1,2,0,0
Influenza,São Vicente,2024,23,202423,2024-06-09,2,0,1,1,2,0,0
Influenza,São Vicente,2024,31,202431,2024-08-04,1,0,1,0,1,0,0
Influenza,São Vicente,2024,36,202436,2024-09-08,1,0,1,0,1,0,0
Influenza,São Vicente,2024,40,202440,2024-10-06,1,0,0,1,1,0,0
Influenza,São Vicente,2024,41,202441,2024-10-13,1,0,1,0,1,0,0
Influenza,São Vicente,2024,43,202443,2024-10-27,2,0,2,0,2,0,0
Influenza,São Vicente,2024,46,202446,2024-11-17,1,0,0,1,1,0,0
Influenza,São Vicente,2024,47,202447,2024-11-24,1,0,0,1,1,0,0
Influenza,São Vicente,2024,50,202450,2024-12-15,1,0,1,0,1,0,0
Influenza,São Vicente,2024,51,202451,2024-12-22,1,1,0,1,1,0,0
Influenza,São Vicente,2024,52,202452,2024-12-29,2,0,2,0,2,0,0
Influenza,São Vicente,2025,1,202501,2025-01-05,2,0,2,0,2,0,0
Influenza,São Vicente,2025,2,202502,2025-01-12,1,0,1,0,1,0,0
Influenza,São Vicente,2025,3,202503,2025-01-19,1,0,0,1,1,0,0
Influenza,São Vicente,2025,4,202504,2025-01-26,1,0,1,0,1,0,0
Influenza,São Vicente,2025,6,202506,2025-02-09,2,0,2,0,2,0,0
Influenza,São Vicente,2025,8,202508,2025-02-23,1,0,1,0,1,0,0
Influenza,São Vicente,2025,11,202511,2025-03-16,1,0,0,1,1,0,0
Influenza,São Vicente,2025,13,202513,2025-03-30,2,0,1,1,2,0,0
Influenza,São Vicente,2025,14,202514,2025-04-06,3,0,2,1,3,0,0
Influenza,São Vicente,2025,15,202515,2025-04-13,2,0,2,0,2,0,0
Influenza,São Vicente,2025,16,202516,2025-04-20,1,0,0,1,1,0,0
Influenza,São Vicente,2025,17,202517,2025-04-27,3,1,2,1,3,0,0
Influenza,São Vicente,2025,19,202519,2025-05-11,1,0,1,0,1,0,0
Influenza,São Vicente,2025,20,202520,2025-05-18,2,0,1,1,2,0,0
Influenza,São Vicente,2025,21,202521,2025-05-25,3,0,1,2,3,0,0
Influenza,São Vicente,2025,22,202522,2025-06-01,6,1,5,1,6,0,0
Influenza,São Vicente,2025,23,202523,2025-06-08,5,0,2,3,5,0,0
Influenza,São Vicente,2025,24,202524,2025-06-15,4,0,2,2,4,0,0
Influenza,São Vicente,2025,25,202525,2025-06-22,3,0,2,1,3,0,0
Influenza,São Vicente,2025,35,202535,2025-08-31,1,0,0,1,1,0,0
Influenza,São Vicente,2025,36,202536,2025-09-07,1,0,1,0,1,0,0
Influenza,São Vicente,2025,39,202539,2025-09-28,2,0,1,1,2,0,0
Influenza,São Vicente,2025,40,202540,2025-10-05,1,0,0,1,1,0,0
Influenza,São Vicente,2025,41,202541,2025-10-12,1,1,1,0,1,0,0
Influenza,São Vicente,2025,43,202543,2025-10-26,1,0,1,0,1,0,0
Influenza,São Vicente,2025,44,202544,2025-11-02,1,0,1,0,1,0,0
Influenza,São Vicente,2025,45,202545,2025-11-09,2,0,0,2,2,0,0
Influenza,São Vicente,2025,46,202546,2025-11-16,3,0,1,2,3,0,0
Influenza,São Vicente,2026,4,202604,2026-01-25,1,1,0,1,1,0,0
Influenza,São Vicente,2026,10,202610,2026-03-08,1,0,1,0,1,0,0
Influenza,São Vicente,2026,11,202611,2026-03-15,3,0,2,1,3,0,0
Influenza,São Vicente,2026,12,202612,2026-03-22,2,1,0,2,2,0,0
Influenza,São Vicente,2026,17,202617,2026-04-26,5,0,3,2,5,0,0
Influenza,São Vicente,2026,18,202618,2026-05-03,1,0,1,0,1,0,0
Influenza,São Vicente,2026,19,202619,2026-05-10,3,0,1,2,3,0,0
Influenza,São Vicente,2026,20,202620,2026-05-17,1,0,0,1,1,0,0
Influenza,São Vicente,2026,21,202621,2026-05-24,2,0,1,1,2,0,0
Influenza,São Vicente,2026,22,202622,2026-05-31,2,0,1,1,2,0,0
Influenza,São Vicente,2026,23,202623,2026-06-07,5,0,2,3,5,0,0
Influenza,São Vicente,2026,24,202624,2026-06-14,1,0,0,1,1,0,0
Influenza,São Vicente,2026,27,202627,2026-07-05,1,0,0,1,1,0,0
